playerID,gamesBatted,totalRBI,totalHR,atBats,gamesPitched,pitchingER,pitchingERA,opponentBattingAvg,gamesFielded,totalPutOut,totalGames,totalSeasons,managerWins,topAwardsWon,allstarAppearances,class
allisdo01,318,139,2,1407,1,1,1.8,0,345,1328,316,10,2,0,0,0
ansonca01,2524,2075,97,10281,3,2,9,0,2593,22572,2524,27,1296,0,0,1
barnero01,499,346,6,2391,1,3,20.25,0,505,1305,499,9,0,0,0,0
battijo01,480,143,3,1953,3,3,3.58,0,490,908,480,10,9,0,0,0
becklja01,2392,1581,87,9551,1,3,6.75,0,2391,23767,2392,20,0,0,0,1
bondto01,488,174,0,1975,417,862,2.8372727272727274,0,520,336,488,10,2,0,0,0
broutda01,1676,1301,107,6726,4,20,18.535,0,1677,16443,1676,19,0,0,0,1
clarkjo01,546,232,24,1974,531,1417,3.023076923076923,0,564,239,546,12,0,0,0,1
comisch01,1390,883,28,5796,4,1,0.75,0,1409,13900,1390,13,840,0,0,1
connoro01,1998,1323,138,7797,0,0,0,0,2000,18115,1998,18,8,0,0,1
crossla01,2277,1378,47,9084,0,0,0,0,2298,4262,2277,21,8,0,0,0
cummica01,247,107,0,1068,242,579,2.5633333333333335,0,254,109,246,6,0,0,0,1
delahed01,1837,1466,101,7510,0,0,0,0,1859,6076,1837,16,0,0,0,1
dennyje01,1237,667,74,4946,1,4,9,0,1244,2251,1237,13,0,0,0,0
doyleja01,1569,971,25,6055,0,0,0,0,1587,11523,1568,17,40,0,0,0
duffyhu01,1737,1302,106,7044,0,0,0,0,1727,3449,1737,17,535,0,0,1
dunlafr01,965,366,41,3974,2,2,9,0,969,2912,965,12,145,0,0,0
ewingbu01,1315,883,71,5363,9,18,4.208333333333333,0,1345,6355,1315,18,489,0,0,1
flintsi01,760,295,21,2913,0,0,0,0,817,3674,760,13,5,0,0,0
galvipu01,731,220,5,2748,705,1903,2.9417647058823526,0,764,378,731,15,7,0,0,1
glassja01,1737,827,27,7033,5,5,14.85,0,1741,3165,1737,17,35,0,0,0
gleaski01,1968,824,15,7459,299,1007,4.441111111111111,0,1971,4237,1966,22,392,0,0,0
hamilbi01,1594,742,40,6283,0,0,0,0,1587,3453,1594,14,0,0,0,1
hanlone01,1270,518,30,5087,0,0,0,0,1274,2700,1270,13,1313,0,0,1
keefeti01,618,134,12,2083,600,1474,2.8600000000000003,0,625,297,618,14,0,0,0,1
kellyki01,1456,950,69,5896,12,21,3.3114285714285714,0,1611,3573,1456,16,173,0,0,1
kilroma01,330,103,1,1062,303,939,4.016,0,342,184,330,10,0,0,0,0
lathaar01,1629,563,27,6832,0,0,0,0,1634,2080,1629,17,0,0,0,0
longhe01,1875,1055,91,7678,0,0,0,0,1882,4450,1875,16,0,0,0,0
mcaleji01,1021,469,11,3981,1,0,0,0,1020,2469,1021,13,735,0,0,0
mccarto01,1273,732,44,5120,13,39,5.096666666666667,0,1296,2190,1273,13,15,0,0,1
mcphebi01,2138,1072,53,8304,0,0,0,0,2134,6556,2138,18,79,0,0,1
mcveyca01,530,449,11,2513,34,75,4.8225,0,606,2690,530,9,91,0,0,0
odayha01,232,46,1,817,201,687,3.64375,0,242,130,232,7,153,0,0,1
orourji01,1999,1208,62,8503,6,9,4.635,0,2084,5494,1996,23,246,0,0,1
paborch01,170,80,0,715,10,34,6.583333333333333,0,177,338,170,5,13,0,0,0
pikeli01,425,332,21,1979,0,0,0,0,445,823,424,10,20,0,0,0
radboch01,653,259,9,2487,527,1347,2.8927272727272726,0,678,443,653,12,0,0,0,1
remseja01,578,201,9,2353,0,0,0,0,580,1319,577,10,0,0,0,0
richaha01,1334,828,73,5657,5,7,3.375,0,1358,3243,1334,14,0,0,0,0
richmle01,251,113,3,1018,191,538,3.768333333333333,0,281,121,251,6,0,0,0,0
barryja01,1223,429,10,4146,0,0,0,0,1219,2226,1225,11,90,0,0,0
bellja01,2063,860,195,7398,0,0,0,0,2006,3202,2063,18,0,1,2,0
biggicr01,2850,1175,291,10876,0,0,0,0,2780,7156,2850,20,0,4,7,1
cochrmi01,1482,832,119,5169,0,0,0,0,1452,6414,1482,13,348,2,2,1
dierkla01,357,46,4,789,356,857,3.369285714285714,0.24392857142857144,356,152,357,14,435,0,2,0
granted01,990,277,5,3385,0,0,0,0,903,1187,991,10,0,0,0,0
hattogr01,1312,533,91,4206,0,0,0,0,1175,1492,1312,12,164,0,1,0
jacksre01,2820,1702,563,9864,0,0,0,0,2102,4062,2820,21,0,1,14,1
jonesra01,319,20,0,599,305,735,3.7040000000000006,0.26639999999999997,305,114,319,10,0,1,2,0
klingjo01,1261,515,20,4246,0,0,0,0,1207,5577,1264,13,52,0,0,0
piazzmi01,1912,1335,427,6911,0,0,0,0,1700,11347,1912,16,0,0,12,1
renteed01,2152,923,140,8142,0,0,0,0,2119,2966,2152,16,0,2,5,0
davisma01,625,9,1,167,624,530,4.678888888888888,0.2557222222222223,624,29,625,15,0,1,2,0
guarded01,909,0,0,1,908,452,4.555263157894737,0.26068421052631574,908,28,909,17,0,0,2,0
hoffmtr01,1035,5,0,34,1035,347,2.926315789473685,0.21263157894736842,1035,66,1035,18,0,0,7,1
hubbeca01,535,101,4,1288,535,1188,3.136249999999999,0.24812500000000004,535,155,535,16,0,2,9,1
otisam01,1998,1007,193,7299,0,0,0,0,1932,4940,1998,17,0,3,5,0
ramirma02,2302,1831,555,8244,0,0,0,0,1939,3206,2302,19,0,0,12,0
alstowa01,1,0,0,1,0,0,0,0,1,1,1,1,2040,0,0,1
bakerdu01,2039,1013,242,7117,0,0,0,0,1903,4073,2039,19,1973,1,2,0
carpech01,350,21,2,439,350,927,4.048666666666667,0.27153333333333335,350,185,350,15,0,1,3,0
garvest01,2332,1308,272,8835,0,0,0,0,2261,19004,2332,19,0,5,10,0
hermaba01,1552,997,181,5603,0,0,0,0,1421,4376,1553,13,0,0,0,0
miksied01,1042,228,44,3053,0,0,0,0,919,1679,1042,14,0,0,0,0
montawi01,1632,802,139,5843,0,0,0,0,1516,10764,1632,14,0,0,1,0
claytro01,2108,723,110,7379,0,0,0,0,2057,3096,2108,17,0,0,1,0
colliji01,1725,983,65,6795,0,0,0,0,1719,2434,1726,14,455,0,0,1
groveor01,207,19,1,373,207,494,9.597999999999999,0.30700000000000005,207,72,207,10,0,0,1,0
higgipi01,1802,1075,140,6636,0,0,0,0,1771,1849,1802,14,560,0,3,0
hodgegi01,2071,1274,370,7030,0,0,0,0,2084,15722,2072,18,660,3,8,0
lolicmi01,592,31,0,821,586,1390,3.4299999999999993,0.24625000000000002,586,100,592,16,0,0,3,0
peckiro01,2012,740,48,7233,0,0,0,0,1984,3930,2012,17,500,1,0,0
plesada01,1064,0,0,15,1064,433,3.7779999999999996,0.2407,1064,9,1064,18,0,0,3,0
callijo01,1886,840,226,6652,0,0,0,0,1777,3349,1886,16,0,0,4,0
clarkto02,1559,824,251,4532,0,0,0,0,1212,9351,1559,15,0,0,1,0
collish01,1799,709,22,6390,0,0,0,0,1714,5959,1803,16,73,0,0,0
keyji01,471,0,0,2,470,1010,3.7466666666666666,0.26200000000000007,470,172,471,15,0,0,4,0
mayswi01,2992,1903,660,10881,0,0,0,0,2929,7752,2992,22,0,14,26,1
mcinnst01,2128,1063,20,7822,0,0,0,0,2083,20120,2129,19,51,0,0,0
myersra01,729,7,0,60,728,314,3.2486666666666664,0.22253333333333333,728,27,729,14,0,0,4,0
omallwa99,0,0,0,0,0,0,0,0,0,0,0,0,0,0,0,1
oroscje01,1252,4,0,59,1252,455,3.795769230769231,0.23061538461538464,1253,62,1252,24,0,0,2,0
boutoji01,307,21,0,347,304,492,3.9809090909090914,0.24809090909090914,304,112,307,10,0,0,1,0
daviser01,1626,934,282,5321,0,0,0,0,1432,3104,1626,17,0,3,2,0
groteje01,1421,404,39,4339,0,0,0,0,1378,8103,1421,16,0,0,2,0
hislela01,1197,674,166,4205,0,0,0,0,1017,2213,1197,14,0,0,2,0
jorgemi01,1633,426,95,3421,0,0,0,0,1335,6983,1633,17,42,1,0,0
maranra01,2670,884,28,10078,0,0,0,0,2670,6413,2670,23,23,0,0,1
radkebr01,378,0,0,29,378,1150,4.261666666666666,0.2761666666666667,378,213,378,12,0,0,1,0
buhneja01,1472,965,310,5013,0,0,0,0,1398,2537,1472,15,0,1,1,0
castilu01,1720,443,28,6510,0,0,0,0,1683,3287,1720,15,0,3,3,0
chesbja01,393,82,5,1103,392,864,3.198333333333333,0,394,103,393,11,0,0,0,1
dandrra99,0,0,0,0,0,0,0,0,0,0,0,0,0,0,0,1
durhara01,1975,875,192,7408,0,0,0,0,1844,3506,1975,14,0,0,2,0
fordwh01,500,69,3,1023,498,967,2.6725000000000003,0.23125,498,173,500,16,0,1,10,1
jennihu01,1284,840,18,4895,0,0,0,0,1275,5576,1286,18,1184,0,0,1
jordati01,540,232,32,1813,0,0,0,0,518,5134,543,7,0,0,0,0
morrija02,568,0,0,1,549,1657,4.007222222222222,0.24955555555555556,549,387,568,18,0,0,5,1
murcebo01,1908,1043,252,6730,0,0,0,0,1706,3352,1908,17,0,1,5,0
pafkoan01,1852,976,213,6292,0,0,0,0,1783,3388,1852,17,0,0,5,0
parrila02,1988,1070,324,7067,0,0,0,0,1854,9840,1988,19,0,3,8,0
perduhu01,161,10,0,300,161,393,4.148333333333333,0.295,161,22,161,5,0,0,0,0
billija01,476,23,0,559,476,949,4.517857142857142,0.2827142857142857,476,133,476,13,0,0,1,0
blairpa01,1947,620,134,6042,0,0,0,0,1893,4347,1947,17,0,8,2,0
carltst01,745,140,13,1719,741,1864,3.986296296296297,0.2545555555555556,741,109,745,24,0,5,10,1
chadwhe99,0,0,0,0,0,0,0,0,0,0,0,0,0,0,0,1
dobyla01,1533,970,253,5348,0,0,0,0,1448,3640,1533,13,37,0,7,1
freehbi01,1774,758,200,6073,0,0,0,0,1740,11235,1774,15,0,5,11,0
gosligo01,2287,1609,248,8656,0,0,0,0,2190,4805,2287,18,0,0,1,1
altroni01,230,27,2,550,218,445,4.4282352941176475,0.47571428571428565,227,181,229,19,0,0,0,0
benchjo01,2158,1376,389,7658,0,0,0,0,2193,10469,2158,17,0,12,14,1
brettge01,2707,1596,317,10349,0,0,0,0,2200,5503,2707,21,0,2,13,1
frickfo99,0,0,0,0,0,0,0,0,0,0,0,0,0,0,0,1
greenha01,1394,1276,331,5193,0,0,0,0,1377,11023,1394,13,0,2,5,1
mussimi01,537,5,0,52,537,1458,3.7022222222222223,0.25555555555555554,537,231,537,18,0,7,5,0
puckeki01,1783,1085,207,7244,0,0,0,0,1707,4392,1783,12,0,6,10,1
raymobu01,136,14,0,263,136,236,2.7266666666666666,0.24,136,37,135,6,0,0,0,0
burroje01,1689,882,240,5536,0,0,0,0,1287,2177,1689,16,0,1,2,0
caldwmi01,476,8,0,216,475,1020,3.708666666666667,0.27113333333333334,475,116,477,14,0,0,0,0
coaklan01,150,6,0,359,150,280,4.353,0.37,150,45,150,9,0,0,0,0
conceda01,2488,950,101,8723,1,0,0,0.333,2499,4245,2488,19,0,5,9,0
critzhu01,1478,531,38,5930,0,0,0,0,1455,3451,1478,12,0,0,0,0
erskica01,360,31,1,588,335,763,4.321666666666666,0.255,335,105,360,12,0,0,1,0
johnsal01,1322,525,78,4623,0,0,0,0,1000,1641,1322,13,0,0,1,0
mcmahdo02,874,9,0,168,874,431,3.080869565217392,0.21486956521739134,874,83,874,18,0,0,1,0
messean01,353,54,5,729,344,709,3.2591666666666668,0.21625000000000003,344,136,353,12,0,2,4,0
pearsmo01,225,62,2,513,224,635,4.609,0.258,224,62,225,10,0,0,2,0
knighra01,1495,595,84,4829,0,0,0,0,1397,3669,1495,13,125,0,2,0
murrare01,1264,579,37,4334,0,0,0,0,1180,1994,1270,11,0,0,0,0
adamsbo03,1281,303,37,4019,0,0,0,0,1066,1748,1281,14,0,0,0,0
berrayo01,2120,1430,358,7555,0,0,0,0,1962,9221,2120,19,484,3,18,1
cissebi01,956,423,29,3707,0,0,0,0,956,2201,956,9,0,0,0,0
cravaga01,1220,719,119,3951,0,0,0,0,1095,1681,1226,11,91,0,0,0
falkecy01,332,47,1,771,330,678,2.85,5.128333333333333,330,100,332,12,0,0,0,0
fosteed02,1500,451,6,5652,0,0,0,0,1455,1845,1501,13,0,0,0,0
mcgrifr01,2460,1550,493,8757,0,0,0,0,2239,18985,2460,19,0,0,5,0
aaronha01,3298,2297,755,12364,0,0,0,0,3020,7436,3298,23,0,4,24,1
castivi02,1854,1105,320,6822,0,0,0,0,1826,1389,1854,16,0,0,2,0
jonesfi01,1788,631,21,6747,0,0,0,0,1772,3584,1788,15,683,0,0,0
olerujo01,2234,1230,255,7592,0,0,0,0,2053,16165,2234,17,0,3,2,0
podrejo01,462,50,2,762,440,925,4.3125,0.273125,440,80,462,15,0,0,4,0
kellech01,1170,760,189,3790,0,0,0,0,1019,2235,1170,13,0,0,5,0
kremera01,309,69,5,687,308,816,4.385,0.28200000000000003,308,37,309,10,0,0,0,0
lewisdu01,1459,793,38,5351,1,2,18,0.5,1434,2657,1459,11,0,0,0,0
millwke01,451,27,4,472,451,1243,4.154375,0.2653125,451,145,451,16,0,0,1,0
perryga01,787,47,6,1076,777,1846,3.3960000000000004,0.25396,777,349,787,22,0,2,5,1
quiseda01,674,1,0,6,674,320,3.759230769230769,0.28584615384615386,674,97,674,12,0,0,3,0
alexado01,562,17,0,265,561,1406,3.854782608695653,0.2611304347826087,561,264,562,19,0,0,1,0
bishoma01,1338,379,41,4494,0,0,0,0,1258,2923,1340,12,0,0,0,0
campbbi02,700,2,0,26,700,484,3.9173333333333327,0.2566,700,119,700,15,0,0,1,0
crowlte01,865,229,42,1518,0,0,0,0,228,634,865,15,0,0,0,0
cuccito01,1704,884,94,6184,0,0,0,0,1678,3292,1704,15,0,0,3,0
dinnebi01,417,60,1,1143,391,1029,3.173076923076923,0,401,160,420,12,0,0,0,0
fieldce01,1470,1008,319,5157,0,0,0,0,915,7382,1470,13,0,0,3,0
fletcar01,1533,675,32,5541,0,0,0,0,1520,2917,1537,13,237,0,0,0
kleskry01,1736,987,278,5611,0,0,0,0,1635,6660,1736,16,0,0,1,0
randowi01,2202,687,54,8018,0,0,0,0,2153,4859,2202,18,303,0,6,0
reardje01,880,2,0,57,880,397,3.2938888888888886,0.2399444444444445,880,44,880,16,0,0,4,0
alouma01,1667,427,31,5789,1,0,0,0.33,1481,3794,1667,15,0,0,2,0
boonebr01,1780,1021,252,6683,0,0,0,0,1771,3445,1780,14,0,4,3,0
crowdal01,403,59,0,847,402,1072,4.585,0.27142857142857146,402,56,403,11,0,0,1,0
fingero01,945,9,2,180,944,549,4.314705882352941,0.2540588235294118,944,108,945,17,0,2,7,1
gehrich01,2323,1427,184,8860,0,0,0,0,2221,5446,2323,19,0,1,6,1
koosmje01,612,46,2,915,612,1433,3.5845000000000007,0.25325000000000003,612,116,612,19,0,0,2,0
millafe01,1480,403,22,5791,0,0,0,0,1452,3498,1480,12,0,2,3,0
motama01,1536,438,31,3779,0,0,0,0,1043,1481,1536,20,0,0,1,0
allendi01,1749,1119,351,6332,0,0,0,0,1722,7658,1749,15,0,1,7,0
bondsbo01,1849,1024,332,7043,0,0,0,0,1736,3659,1849,14,0,3,3,0
cramedo01,2239,842,37,9140,1,2,4.5,0.21,2144,5413,2238,20,0,0,5,0
daultda01,1161,588,137,3630,0,0,0,0,1087,5835,1161,14,0,0,3,0
davisto02,1999,1052,153,7223,0,0,0,0,1445,2429,1999,18,0,0,5,0
grissma01,356,6,0,189,356,307,5.370000000000001,0.2772727272727273,356,28,356,10,0,0,1,0
hraboal01,546,6,0,56,545,249,2.766923076923077,0.2278461538461539,545,20,546,13,0,0,0,0
manushe01,2008,1183,110,7654,0,0,0,0,1846,3842,2009,17,0,0,1,1
marquru01,536,64,1,1107,536,1130,3.3931578947368415,0.26,536,63,536,18,0,0,0,1
mattido01,1785,1099,222,7003,0,0,0,0,1714,14270,1785,14,816,10,6,0
pepitjo01,1397,721,219,5097,0,0,0,0,1449,9036,1397,12,0,3,3,0
aloufe01,2082,852,206,7339,0,0,0,0,2006,6537,2082,17,1033,0,3,0
campabe01,2328,646,79,8684,1,1,9,0.33,2281,3789,2328,19,0,0,6,0
cartwal99,0,0,0,0,0,0,0,0,0,0,0,0,0,0,0,1
charlos99,0,0,0,0,0,0,0,0,0,0,0,0,0,0,0,1
garcino01,1434,936,229,5586,0,0,0,0,1360,3422,1434,14,0,0,6,0
jonessa01,713,99,6,1243,647,1656,3.833636363636364,0.26500000000000007,649,197,714,22,0,0,0,0
moyerja01,701,15,0,400,696,1926,4.407037037037036,0.27222222222222225,696,279,701,25,0,0,1,0
musiast01,3026,1951,475,10972,1,0,0,0,2907,12439,3026,22,0,3,24,1
newhoha01,492,81,2,999,488,1016,3.3717647058823528,0.23117647058823534,488,135,492,17,0,2,7,1
perkicy01,1171,409,30,3604,0,0,0,0,1123,3828,1171,17,6,0,0,0
austiji01,1580,390,13,5388,0,0,0,0,1541,2260,1584,18,31,0,0,0
burleri01,1346,449,50,5139,0,0,0,0,1290,2349,1346,13,0,1,4,0
cansejo01,1887,1407,462,7057,1,3,27,0.5,1012,2003,1887,17,0,1,6,0
dahlebi01,2444,1234,84,9036,0,0,0,0,2433,5359,2446,21,251,0,0,0
damonjo01,2490,1139,235,9736,0,0,0,0,2075,4732,2490,18,0,0,2,0
jacksgr01,718,17,2,236,692,523,4.296190476190477,0.2590952380952381,692,55,718,18,0,0,1,0
larkiba01,2180,960,198,7937,0,0,0,0,2088,3154,2180,19,0,4,12,1
marshmi01,725,16,1,179,724,484,3.9982352941176478,0.26964705882352946,724,105,725,14,0,1,2,0
mcdowsa01,429,36,2,774,425,879,3.3693750000000002,0.21675,427,80,429,15,0,0,6,0
milleha01,349,205,38,1200,0,0,0,0,311,575,349,6,0,0,0,0
pizarju01,496,66,8,658,488,776,4.029545454545455,0.24863636363636366,488,74,496,18,0,0,2,0
poseycu99,0,0,0,0,0,0,0,0,0,0,0,0,0,0,0,1
rhodear01,903,0,0,6,900,538,4.024545454545454,0.23563636363636364,900,38,903,20,0,0,1,0
aguilri01,737,11,3,139,732,512,3.4963157894736847,0.243578947368421,732,99,737,16,0,0,3,0
ausmubr01,1971,607,80,6279,0,0,0,0,1960,12856,1971,18,385,3,1,0
dentbu01,1392,423,40,4512,0,0,0,0,1388,2122,1392,12,36,0,3,0
donovbi01,459,95,7,1302,378,886,2.8272222222222223,0.22599999999999998,444,385,467,18,245,0,0,0
guilloz01,1993,619,28,6686,0,0,0,0,1928,2935,1993,16,743,1,3,0
huntro01,1483,370,39,5235,0,0,0,0,1420,2822,1483,12,0,0,2,0
kraneed01,1853,614,118,5436,0,0,0,0,1554,10840,1853,18,0,0,1,0
lopezja01,1503,864,260,5319,0,0,0,0,1352,8991,1503,15,0,0,3,0
luzingr01,1821,1128,307,6505,0,0,0,0,1256,2120,1821,15,0,0,4,0
mayje01,556,130,15,1527,0,0,0,0,525,2649,556,10,0,0,0,0
ofarrbo01,1492,549,51,4101,0,0,0,0,1338,4295,1493,21,122,1,0,0
ehmkeho01,429,73,0,1009,427,1174,4.305624999999999,0.8818749999999999,427,143,429,15,0,0,0,0
gagneer01,402,3,1,86,402,248,3.1281818181818184,0.19763636363636364,402,38,402,10,0,1,3,0
hendrge01,2048,1111,267,7129,0,0,0,0,1934,4758,2048,18,0,0,4,0
kendaja01,2085,744,75,7627,0,0,0,0,2054,13067,2085,15,0,0,3,0
leeca01,2099,1363,358,7983,0,0,0,0,2020,4987,2099,14,0,0,3,0
leonadu02,640,69,0,1054,640,1162,3.3175000000000003,0.2565,640,174,640,20,0,0,5,0
marioma01,1572,624,36,5506,0,0,0,0,1549,2987,1572,13,356,1,8,0
mcgloly01,320,25,0,456,318,663,4.955384615384616,0.2864615384615385,318,98,320,11,0,0,1,0
breitte01,448,126,4,1350,380,1331,4.053636363636364,0,445,329,448,11,0,0,0,0
bumbral01,1496,402,54,5053,0,0,0,0,1241,2975,1496,14,0,0,1,0
burdele01,666,75,12,1011,626,1246,4.069047619047619,0.28095238095238095,626,245,666,18,0,0,3,0
daubeja01,2014,722,56,7673,0,0,0,0,2002,19634,2014,15,0,1,0,0
lemonch01,1988,884,215,6868,0,0,0,0,1932,4998,1988,16,0,0,3,0
lidgebr01,603,2,0,7,603,237,4.165454545454546,0.23772727272727276,603,23,603,11,0,0,2,0
maddugr01,759,84,5,1591,744,1756,3.3844,0.25528,744,546,759,23,0,22,8,1
oneilpa01,2053,1269,281,7318,1,3,13.5,0.286,1959,3915,2053,17,0,0,5,0
pippwa01,1872,998,90,6914,0,0,0,0,1819,18779,1872,15,0,0,0,0
chancfr01,1288,596,20,4299,0,0,0,0,1257,10545,1290,17,946,0,0,1
dykesji01,2282,1071,108,8046,2,1,4.5,0.33,2276,4901,2283,22,1406,0,2,0
fonsele01,937,485,31,3404,1,0,0,0,884,4799,937,12,120,0,0,0
groatdi01,1929,707,39,7484,0,0,0,0,1906,3526,1929,14,0,1,10,0
grossgr01,1809,308,7,3745,2,2,9,0.4165,1280,1882,1809,17,0,0,0,0
hernali01,537,85,10,973,519,1572,4.559545454545455,0.28877272727272724,519,211,537,17,0,0,2,0
meadole01,498,75,5,1117,490,1185,4.762352941176471,0.2970588235294118,490,84,499,15,0,0,0,0
oeschjo01,366,41,0,599,365,770,3.9739999999999998,0.29,365,64,366,12,0,0,0,0
bulkemo99,0,0,0,0,0,0,0,0,0,0,0,0,0,0,0,1
fellebo01,570,99,8,1282,570,1384,3.382222222222222,0.22944444444444448,570,146,570,18,0,0,8,1
gileswa99,0,0,0,0,0,0,0,0,0,0,0,0,0,0,0,1
manleef99,0,0,0,0,0,0,0,0,0,0,0,0,0,0,0,1
martipe01,1189,501,59,4117,2,1,2.25,0.18,1044,1692,1189,13,0,0,4,0
duganjo01,1447,571,42,5410,0,0,0,0,1407,1906,1448,14,0,0,0,0
hamptmi01,448,79,16,725,419,1024,4.170624999999999,0.27637500000000004,419,144,448,16,0,1,2,0
mclaide01,285,31,1,616,280,711,4.079090909090909,0.24600000000000002,280,154,285,10,0,3,3,0
ageeto01,1129,433,130,3912,0,0,0,0,1073,2371,1130,12,0,2,2,0
bushgu01,544,52,0,888,542,1166,4.011666666666667,0.2750000000000001,542,138,544,17,0,0,0,0
coopean99,0,0,0,0,0,0,0,0,0,0,0,0,0,0,0,1
gibsojo99,0,0,0,0,0,0,0,0,0,0,0,0,0,0,0,1
leede02,1942,1078,331,6962,0,0,0,0,1901,14910,1942,15,0,3,2,0
faberre01,670,70,3,1269,669,1430,3.225,0.26400000000000007,669,130,670,20,0,0,0,1
johnswa01,933,255,24,2324,802,1424,2.348095238095238,0.2288235294117647,815,292,937,21,529,2,0,1
bonilbo01,2113,1173,287,7213,1,2,18,0.6,1972,3045,2113,16,0,0,6,0
boonebo01,2264,826,105,7245,0,0,0,0,2240,11325,2264,19,371,7,4,0
brookhu01,1645,824,149,5974,0,0,0,0,1489,1935,1645,15,0,0,2,0
chandsp01,211,45,9,548,211,468,3.202727272727273,0.25,211,106,211,11,0,1,4,0
coopemo01,297,68,6,654,295,607,3.294166666666667,0.2984615384615385,295,50,297,11,0,1,4,0
griffke01,2097,859,152,7229,0,0,0,0,1875,4578,2097,19,0,0,3,0
grimebu01,632,168,2,1535,616,1638,3.9530434782608697,0.26913043478260873,616,225,632,19,131,0,0,1
jenkife01,665,85,13,896,664,1669,3.3890000000000007,0.2418000000000001,664,363,665,19,0,1,3,1
jordabr01,1456,821,184,5160,0,0,0,0,1362,2852,1456,15,0,0,1,0
leibrch01,394,14,0,267,394,952,3.5471428571428576,0.2627857142857143,394,151,394,14,0,0,0,0
nenro01,643,0,0,15,643,237,3.4236363636363634,0.234,643,44,643,10,0,0,3,0
hornsro01,2259,1584,301,8173,0,0,0,0,2164,4495,2259,23,701,2,0,1
loftoke01,2103,781,130,8120,0,0,0,0,2041,4856,2103,17,0,4,6,0
murraed02,3026,1917,504,11336,0,0,0,0,2422,21265,3026,21,0,3,8,1
paskedo01,1716,577,42,6017,0,0,0,0,1660,3851,1717,15,0,0,0,0
baergca01,1630,774,134,5439,0,0,0,0,1366,2634,1630,14,0,0,3,0
clarkwi02,1976,1205,284,7173,0,0,0,0,1889,16695,1976,15,0,1,6,0
dihigma99,0,0,0,0,0,0,0,0,0,0,0,0,0,0,0,1
giustda01,686,46,4,412,668,687,3.63625,0.2526875,668,134,686,15,0,0,1,0
goodedw01,434,67,8,741,430,1091,4.225,0.25794444444444437,430,224,434,16,0,1,4,0
heilmha01,2148,1539,183,7787,0,0,0,0,2059,7199,2146,17,0,0,0,1
jonesdo01,846,0,0,7,846,414,3.811111111111111,0.2731666666666666,846,60,846,16,0,0,5,0
lockmwh01,1666,563,114,5940,0,0,0,0,1550,8417,1666,15,157,0,1,0
marbefi01,551,65,1,668,551,834,3.4306666666666668,0.27133333333333337,551,92,551,14,0,0,0,0
mcgrajo01,1100,462,13,3924,0,0,0,0,1074,1408,1105,17,2763,0,0,1
nettlgr01,2700,1314,390,8986,0,0,0,0,2504,2098,2700,22,0,2,6,0
nomohi01,324,26,4,485,323,932,5.714615384615385,0.2603846153846154,323,115,324,12,0,0,1,0
boggswa01,2440,1014,118,9180,2,1,3.375,0.2145,2285,2115,2440,18,0,2,12,1
burnije01,1694,981,315,5710,0,0,0,0,1579,2913,1694,14,0,0,1,0
evansda01,2687,1354,414,8973,0,0,0,0,2404,7964,2687,21,0,0,2,0
hudsoor01,1345,542,93,4825,0,0,0,0,1308,2652,1345,11,0,4,2,0
pennohe01,620,103,4,1214,617,1428,4.05608695652174,0.27869565217391307,617,101,621,22,0,0,0,1
porteda02,1782,826,188,5539,0,0,0,0,1511,6767,1782,17,0,0,4,0
appieke01,414,4,0,83,414,1078,4.939999999999999,0.26594444444444443,414,202,414,16,0,0,1,0
brocklo01,2616,900,149,10332,0,0,0,0,2507,4394,2616,19,0,0,6,1
cuellmi01,456,33,7,661,453,979,5.146,0.27013333333333345,453,108,456,15,0,1,4,0
finlech01,524,1,0,53,524,1366,3.928333333333333,0.2554444444444445,524,122,524,17,0,0,5,0
harribu01,1263,506,9,4736,0,0,0,0,1257,3415,1262,12,2158,0,0,1
harrile01,1903,369,37,3924,1,0,0,0,1229,1603,1903,18,0,0,0,0
hurstbr01,380,8,0,274,379,1052,5.029999999999999,0.277,379,98,380,15,0,0,1,0
kellge01,1795,870,78,6702,0,0,0,0,1788,2390,1795,15,0,0,10,1
kessido01,2078,527,14,7651,0,0,0,0,2062,3292,2078,16,46,2,6,0
kindeel01,484,33,1,444,484,564,2.9884615384615385,0.22615384615384612,484,52,484,12,0,0,0,0
mondera01,1525,860,271,5814,0,0,0,0,1502,2932,1525,13,0,2,1,0
niekrjo01,706,72,1,973,702,1431,4.0443999999999996,0.26236000000000004,702,253,706,22,0,0,1,0
allenjo02,365,64,4,716,352,813,3.765333333333333,0.2446666666666667,352,104,365,13,0,0,1,0
bushdo01,1946,436,9,7210,0,0,0,0,1936,4119,1948,16,497,0,0,0
donlimi01,1049,543,51,3854,4,13,3.815,0,970,2416,1051,12,0,0,0,0
kammwi01,1693,826,29,5851,0,0,0,0,1674,2151,1693,13,0,0,0,0
lajoina01,2480,1599,82,9590,0,0,0,0,2441,8520,2480,21,377,0,0,1
mccovwi01,2588,1555,521,8197,0,0,0,0,2320,17567,2588,22,0,1,6,1
medwijo01,1984,1383,205,7635,0,0,0,0,1871,4152,1984,17,0,1,10,1
reichri01,997,445,116,3307,0,0,0,0,895,1621,997,11,0,0,0,0
rhoderi01,427,75,9,761,413,1036,3.755,0.2585625,413,173,427,16,0,0,2,0
briggjo02,1366,507,139,4117,0,0,0,0,1213,3389,1366,12,0,0,0,0
burrepa01,1640,976,292,5503,0,0,0,0,1386,2478,1640,12,0,0,0,0
higgibo02,1362,709,187,4910,0,0,0,0,1274,2588,1362,11,0,0,0,0
hornebo01,1020,685,218,3777,0,0,0,0,1014,3641,1020,10,0,0,1,0
maysca01,502,110,5,1085,490,979,3.1424999999999996,0.25875000000000004,490,174,502,15,0,0,0,0
milleno01,540,159,24,1364,0,0,0,0,382,570,540,10,0,0,0,0
palmera01,2831,1835,569,10472,0,0,0,0,2351,18128,2831,20,0,3,4,0
bancrda01,1913,591,32,7182,0,0,0,0,1892,4673,1913,16,249,0,0,1
blassst01,295,37,1,546,282,644,4.574999999999999,0.258,283,137,295,10,0,0,1,0
bolinbo01,496,35,6,423,495,596,3.2207142857142856,0.2207142857142857,495,87,496,13,0,0,0,0
knabeot01,1278,365,8,4469,0,0,0,0,1252,2755,1281,11,131,0,0,0
marisro01,1463,851,275,5101,0,0,0,0,1383,2649,1463,12,0,3,9,0
perryji01,635,59,5,889,630,1258,3.672631578947369,0.25157894736842107,631,191,635,17,0,1,3,0
beaumgi01,1463,617,39,5660,0,0,0,0,1409,2860,1465,12,0,0,0,0
bridgto01,424,72,0,1003,424,1122,3.7206250000000005,0.24624999999999997,424,144,424,16,0,0,6,0
chapmra01,1051,364,17,3785,0,0,0,0,1044,2358,1051,9,0,0,0,0
cruzjo01,2353,1077,165,7917,0,0,0,0,2159,4413,2353,19,0,0,2,0
gullibi01,398,27,3,576,398,1118,3.7813333333333334,0.2838,398,185,398,14,0,0,0,0
herzobu01,1493,445,20,5284,0,0,0,0,1471,2804,1495,13,165,0,0,0
macphla99,0,0,0,0,0,0,0,0,0,0,0,0,0,0,0,1
mcgresc01,357,0,0,0,356,949,4.452307692307692,0.2820769230769231,356,119,357,13,0,0,1,0
belleal01,1539,1239,381,5853,0,0,0,0,1311,2642,1539,12,0,0,5,0
burgesm01,1691,673,126,4471,0,0,0,0,1139,5214,1692,18,0,0,9,0
chapmbe01,1717,977,90,6478,25,69,4.16,0.245,1673,3742,1717,15,196,0,4,0
dawsoan01,2627,1591,438,9927,0,0,0,0,2323,5158,2627,21,0,9,8,1
deandi01,325,76,8,717,317,661,3.936666666666667,0.2525,317,76,325,12,0,1,4,1
grantfr99,0,0,0,0,0,0,0,0,0,0,0,0,0,0,0,1
hennemi01,561,0,0,1,561,261,3.326363636363636,0.2516363636363636,561,55,561,10,0,0,1,0
kellejo01,1853,1194,65,7006,0,0,0,0,1844,5562,1852,17,338,0,0,1
loducpa01,1082,481,80,3892,0,0,0,0,1068,6879,1082,11,0,0,4,0
paigesa01,179,4,0,124,179,174,2.8183333333333334,0.215,179,17,179,6,0,0,2,1
rickebr01,120,39,3,343,0,0,0,0,99,395,120,4,597,0,0,1
dunnja01,490,164,1,1622,142,492,6.146666666666668,0,477,574,491,8,0,0,0,0
fairlro01,2442,1044,215,7184,0,0,0,0,2255,10769,2442,21,0,0,2,0
hutchfr01,354,83,4,650,242,606,3.81,0.25900000000000006,243,112,354,11,830,0,1,0
killeha01,2435,1584,573,8147,0,0,0,0,2241,8849,2435,22,0,1,13,1
cartejo01,2189,1445,396,8422,0,0,0,0,2040,5890,2189,16,0,0,5,0
doylela01,1766,793,74,6509,0,0,0,0,1728,3635,1767,14,0,1,0,0
gosgeji01,705,177,30,1815,0,0,0,0,580,1162,706,10,0,0,0,0
jeffegr01,1465,663,126,5520,0,0,0,0,1372,4690,1465,14,0,0,2,0
mayle01,2071,1244,354,7609,0,0,0,0,1595,13029,2071,18,0,0,3,0
mendejo99,0,0,0,0,0,0,0,0,0,0,0,0,0,0,0,1
mondari01,1986,775,241,6136,0,0,0,0,1742,3978,1986,19,0,0,2,0
flanami01,529,0,0,0,526,1199,4.068947368421052,0.2702631578947368,526,89,529,18,0,1,1,0
houghch01,858,13,1,226,858,1582,3.8165384615384617,0.23034615384615384,858,235,858,25,0,0,1,0
houttar01,330,37,2,513,325,715,5.850714285714285,0.30071428571428577,325,105,330,12,0,0,1,0
jacksmi02,1005,1,0,28,1005,451,3.368823529411765,0.22758823529411765,1005,57,1005,17,0,0,0,0
earnsge01,319,70,3,704,319,933,5.028181818181817,0.27727272727272734,319,71,319,9,0,0,0,0
galaran01,2257,1425,399,8096,0,0,0,0,2107,18244,2257,19,0,2,5,0
hernaro01,1010,0,0,2,1010,411,3.8559999999999994,0.2522,1010,53,1010,17,0,0,2,0
hoopeha01,2309,817,75,8785,1,0,0,0.33,2285,3981,2311,17,0,0,0,1
lyonste01,705,149,5,1563,594,1696,3.755238095238096,0.2723809523809524,595,219,704,21,185,0,1,1
carribi02,709,235,6,1970,0,0,0,0,666,3093,712,10,489,0,0,0
gamblos01,1584,666,200,4502,0,0,0,0,819,1412,1584,17,0,0,0,0
kuzavbo01,214,10,1,256,213,388,4.589333333333334,0.2713333333333334,213,33,214,10,0,0,0,0
lazzeto01,1740,1191,178,6297,0,0,0,0,1712,3688,1740,14,0,0,1,1
munsoth01,1423,701,113,5344,0,0,0,0,1311,6342,1423,11,0,4,7,0
odoulle01,970,542,113,3264,34,42,4.33,0.315,838,1594,970,11,0,0,1,0
fitzsfr01,513,103,14,1155,513,1257,4.156499999999999,0.2705,513,237,513,19,104,0,0,0
kileda01,364,40,2,657,359,992,4.164166666666667,0.25966666666666666,359,136,364,12,0,0,3,0
kisonbr01,388,31,3,404,380,736,3.728,0.24893333333333334,380,140,388,15,0,0,0,0
matlajo01,362,23,0,441,361,835,3.4630769230769234,0.2583076923076923,361,68,362,13,0,0,3,0
raschvi01,269,50,1,608,269,752,5.465454545454547,0.26909090909090916,269,84,269,10,0,0,4,0
frasech01,459,96,3,1319,434,1373,3.4519999999999995,0,453,374,459,14,0,0,0,0
guidrro01,379,0,0,0,368,874,3.5414285714285723,0.24892857142857142,370,107,380,14,0,6,4,0
paganjo01,1326,372,52,3689,0,0,0,0,1136,1470,1326,15,0,0,0,0
riceji01,2089,1451,382,8225,0,0,0,0,1543,3103,2089,16,0,1,8,1
boyercl02,1725,654,162,5780,0,0,0,0,1689,1902,1725,16,0,1,0,0
doakbi01,453,30,1,905,453,920,3.6605882352941173,0.27705882352941175,453,103,453,16,0,0,0,0
edwarha01,735,276,51,2191,0,0,0,0,560,1039,735,11,0,0,0,0
hardeme01,584,93,4,1203,582,1447,4.0625,0.27549999999999997,582,209,584,20,3,0,4,0
hundlra01,1061,381,82,3442,0,0,0,0,1026,5765,1061,14,0,1,1,0
jacksso01,936,162,7,3055,0,0,0,0,849,1392,936,12,0,0,0,0
langebi01,813,579,39,3202,0,0,0,0,817,2117,813,7,0,0,0,0
macphle99,0,0,0,0,0,0,0,0,0,0,0,0,0,0,0,1
breweji01,586,9,0,140,584,355,3.542777777777778,0.24716666666666665,584,30,586,17,0,0,1,0
conlajo01,128,31,0,365,0,0,0,0,91,193,128,2,0,0,0,1
dobsopa01,414,12,0,317,414,833,3.700833333333333,0.255,414,142,414,11,0,0,1,0
glaustr01,1537,950,320,5410,0,0,0,0,1475,1922,1537,13,0,0,4,0
jonesto02,982,0,0,19,982,473,4.161578947368421,0.2695263157894737,982,70,982,16,0,0,1,0
mazerbi01,2163,853,138,7755,0,0,0,0,2104,4976,2163,17,0,8,12,1
menkede01,1598,606,101,5071,0,0,0,0,1661,3108,1598,13,0,0,2,0
anderga01,2228,1365,287,8640,0,0,0,0,1913,4057,2228,17,0,0,3,0
guillca01,1305,660,124,4673,0,0,0,0,1248,1972,1305,14,0,0,3,0
kaatji01,1004,106,16,1251,898,1738,4.100714285714285,0.2743214285714286,898,262,1004,25,0,16,3,0
koscoan01,658,267,73,1963,0,0,0,0,542,1220,658,10,0,0,0,0
mccarti01,1909,645,97,5529,0,0,0,0,1511,8893,1909,21,0,0,2,0
bradlbi01,1461,552,34,5430,1,0,0,0,1447,1985,1461,14,97,0,0,0
harvedo99,0,0,0,0,0,0,0,0,0,0,0,0,0,0,0,1
johnsju99,0,0,0,0,0,0,0,0,0,0,0,0,0,0,0,1
mcgwima01,1874,1414,583,6187,0,0,0,0,1791,14464,1874,16,0,1,12,0
camermi01,1955,968,278,6839,0,0,0,0,1921,4954,1955,17,0,3,1,0
greenmi01,1269,726,130,4623,0,0,0,0,1165,2094,1269,12,0,0,2,0
hershor01,521,50,0,810,510,1211,4.057222222222221,0.25705555555555554,510,332,521,18,0,2,3,0
holtzke01,456,34,2,607,451,1111,3.6847058823529406,0.2570588235294118,451,117,456,15,0,0,2,0
krausle02,334,24,6,354,321,571,4.194166666666667,0.25833333333333336,321,84,334,12,0,0,0,0
milancl01,1982,617,17,7359,0,0,0,0,1903,4095,1983,16,69,0,0,0
mostijo01,972,376,23,3507,0,0,0,0,923,2588,972,10,0,0,0,0
perezto01,2777,1652,379,9778,0,0,0,0,2539,15127,2777,23,74,0,7,1
powelbo01,2042,1187,339,6681,0,0,0,0,1910,12796,2042,17,0,1,4,0
quinnja01,771,113,8,1349,756,1433,3.3770833333333337,1.165,759,144,771,23,0,0,0,0
ramospe01,696,56,15,703,582,1068,4.541176470588235,0.26729411764705885,582,146,696,15,0,0,1,0
alouje01,1380,377,32,4345,0,0,0,0,1051,1693,1380,15,0,0,0,0
bondsba01,2986,1996,762,9847,0,0,0,0,2874,5637,2986,22,0,15,14,0
burkeje01,2067,952,75,8426,23,76,6.3566666666666665,0,2080,3966,2067,16,0,0,0,1
elberki01,1292,535,10,4561,0,0,0,0,1265,2681,1291,14,27,0,0,0
garneph01,1860,738,109,6136,0,0,0,0,1856,2746,1860,16,981,0,3,0
goltzda01,356,7,0,94,353,836,3.9861538461538464,0.2790769230769231,353,152,356,12,0,0,0,0
gustifr01,1261,480,38,4582,0,0,0,0,1239,2243,1261,12,0,0,3,0
mccarjo99,0,0,0,0,0,0,0,0,0,0,0,0,2125,0,0,1
palmeji01,576,41,3,489,558,1253,3.3221052631578947,0.23536842105263164,558,292,576,19,0,7,6,1
pappami01,527,67,20,1073,520,1203,3.4689473684210523,0.2481578947368421,521,245,527,17,0,0,3,0
chaseha01,1919,941,57,7417,1,0,0,0,1902,18346,1919,15,86,0,0,0
coneda01,451,22,0,412,450,1115,3.728421052631578,0.23721052631578946,450,220,451,17,0,1,5,0
gibsoki01,1635,870,255,5798,0,0,0,0,1239,2523,1635,17,353,1,0,0
gracema01,2245,1146,173,8065,1,1,9,0.25,2163,18503,2245,16,0,4,3,0
grohhe01,1676,566,26,6074,0,0,0,0,1644,2172,1676,16,7,0,0,0
karroer01,1755,1027,284,6441,0,0,0,0,1698,14056,1755,14,0,0,0,0
parkeda01,2466,1493,339,9358,0,0,0,0,1887,3949,2466,19,0,4,7,0
akerja01,496,4,0,92,495,272,3.8542857142857145,0.25357142857142856,495,65,496,11,0,0,0,0
alomasa02,1377,588,112,4530,0,0,0,0,1325,7667,1377,20,8,1,6,0
anderbr01,1834,761,210,6499,0,0,0,0,1691,3713,1834,15,0,0,3,0
beckro01,704,1,0,19,704,282,3.5457142857142863,0.24371428571428574,704,39,704,13,0,0,3,0
ferrewe01,548,208,38,1176,374,1177,5.955294117647059,0.291764705882353,387,153,548,15,0,0,2,0
gantro01,1832,1008,321,6449,0,0,0,0,1681,3203,1832,16,0,0,2,0
geronce01,1522,392,51,3780,0,0,0,0,1376,2901,1522,15,0,4,0,0
helmsto01,1435,477,34,4997,0,0,0,0,1346,2909,1435,14,28,2,2,0
howear01,891,293,43,2626,0,0,0,0,840,1763,891,11,1129,0,0,0
keltnke01,1526,852,163,5683,0,0,0,0,1501,1577,1526,13,0,0,7,0
kinerra01,1472,1015,369,5205,0,0,0,0,1440,3431,1472,10,0,0,6,1
langsma01,459,5,0,92,457,1306,4.247058823529413,0.2538823529411765,457,127,459,16,0,7,4,0
mungova01,410,74,0,787,364,815,3.566428571428571,0.23642857142857146,366,100,410,14,0,0,5,0
phillto02,2161,819,160,7617,0,0,0,0,2291,3564,2161,18,0,0,0,0
grantge01,1444,712,105,4989,0,0,0,0,1383,6611,1445,13,0,0,0,0
nehfar01,464,76,8,915,451,964,3.6416666666666666,0.2666666666666667,455,144,464,15,0,0,0,0
luquedo01,559,90,5,1043,550,1161,3.2595000000000005,0.25100000000000006,552,188,559,20,0,0,0,0
candito01,452,12,0,299,451,1130,4.232777777777778,0.2615555555555556,451,230,453,16,0,0,0,0
coninje01,2024,1071,214,6957,0,0,0,0,2002,8866,2024,17,0,0,2,0
eckstda01,1311,392,35,5041,0,0,0,0,1256,1905,1311,10,0,0,2,0
dunstsh01,1814,668,150,5927,0,0,0,0,1657,2722,1814,18,0,0,2,0
jonesch06,2499,1623,468,8984,0,0,0,0,2405,1771,2499,19,0,1,8,1
raineti01,2502,980,170,8872,0,0,0,0,2176,4284,2502,23,0,0,7,1
benitar01,762,2,0,8,762,271,3.37,0.202,762,31,762,15,0,0,2,0
cirilje01,1617,727,112,5396,1,0,0,0,1515,1371,1617,14,0,0,2,0
decindo01,1649,879,237,5809,0,0,0,0,1627,1483,1649,15,0,0,1,0
carewro01,2469,1015,92,9315,0,0,0,0,2321,13510,2469,19,0,1,18,1
brownke01,490,29,2,495,486,1185,3.5526315789473686,0.26068421052631574,486,388,490,19,0,0,6,0
fostege01,1977,1239,348,7023,0,0,0,0,1882,3809,1977,18,0,1,5,0
bagweje01,2150,1529,449,7797,0,0,0,0,2112,17546,2150,15,0,2,4,1
eisenji01,1422,477,52,3995,0,0,0,0,1136,2249,1422,15,0,0,0,0
nichoki01,650,278,16,2090,621,1664,3.4706249999999996,0,647,384,650,15,80,0,0,1
baylodo01,2292,1276,338,8198,0,0,0,0,970,2716,2292,19,627,1,1,0
chambch01,2175,972,185,7571,0,0,0,0,1962,17771,2175,17,0,1,1,0
darliro01,402,21,2,526,382,1016,4.186000000000001,0.25873333333333337,382,177,402,13,0,1,1,0
dauerri01,1140,372,43,3829,0,0,0,0,1207,2115,1140,10,0,0,0,0
ceyro01,2073,1139,316,7162,0,0,0,0,1996,1555,2073,17,0,0,6,0
dykstle01,1278,404,81,4559,0,0,0,0,1221,3108,1278,12,0,0,3,0
gaettga01,2507,1341,360,8951,3,2,6,0.43333333333333335,2453,2607,2507,20,0,4,2,0
hargrmi01,1666,686,80,5564,0,0,0,0,1545,11603,1666,12,1183,0,1,0
delgaca01,2035,1512,473,7283,0,0,0,0,1827,15236,2035,17,0,0,2,0
remyje01,1154,329,7,4455,0,0,0,0,1120,2293,1154,10,0,0,1,0
henketo01,642,0,0,1,642,234,2.775,0.22057142857142858,642,43,642,14,0,0,2,0
montgje01,700,0,0,2,700,316,3.7007692307692306,0.25023076923076926,700,86,700,13,0,0,3,0
percitr01,703,0,0,5,703,250,3.5028571428571427,0.19642857142857142,703,29,703,14,0,0,4,0
clarkfr01,2246,1015,67,8584,0,0,0,0,2200,4812,2246,21,1602,0,0,1
justida01,1610,1017,305,5625,0,0,0,0,1210,2684,1610,14,0,0,3,0
rijojo01,377,29,2,445,376,676,3.487857142857142,0.2528571428571429,376,144,377,14,0,0,1,0
darwida01,722,22,2,305,716,1286,4.1575999999999995,0.26199999999999996,716,184,722,21,0,0,0,0
gonzaju03,1689,1404,434,6556,0,0,0,0,1311,2595,1689,17,0,2,3,0
greensh01,1951,1070,328,7082,0,0,0,0,1875,4373,1951,15,0,1,2,0
boddimi01,346,0,0,0,342,897,4.1,0.2590666666666667,342,245,347,14,0,1,1,0
brownto05,324,32,2,621,302,841,4.234166666666666,0.27133333333333337,302,78,324,12,0,0,1,0
finlest01,2583,1167,304,9397,1,0,0,0,2488,5664,2583,19,0,5,2,0
johnsch04,1188,570,167,3836,0,0,0,0,1160,7218,1188,12,0,4,2,0
leonaje01,1415,723,144,5045,0,0,0,0,1166,2191,1415,14,0,0,2,0
leiteal01,419,16,0,530,419,1010,5.358095238095238,0.2466666666666667,419,57,419,19,0,0,2,0
morriha02,1246,513,76,3998,0,0,0,0,1043,7459,1246,13,0,0,0,0
reussje01,631,58,1,1024,628,1483,3.8903999999999996,0.26864,628,170,631,22,0,0,2,0
cartega01,2296,1225,324,7971,0,0,0,0,2272,12490,2296,19,0,3,11,1
fernato01,2158,844,94,7911,0,0,0,0,2076,3214,2158,17,0,4,5,0
harrato01,2155,918,195,7402,0,0,0,0,2157,2530,2155,17,33,0,4,0
irwinch01,991,493,16,3685,0,0,0,0,988,1473,991,10,0,0,0,0
keelewi01,2123,810,33,8591,0,0,0,0,2104,3170,2122,19,0,0,0,1
kentje01,2298,1518,377,8498,0,0,0,0,2311,4816,2298,17,0,1,5,0
caminke01,1760,983,239,6288,0,0,0,0,1709,1491,1760,15,0,4,3,0
gonzalu01,2591,1439,354,9157,0,0,0,0,2450,4520,2591,19,0,0,5,0
burksel01,2000,1206,352,7232,0,0,0,0,1612,3435,2000,18,0,1,2,0
molitpa01,2683,1307,234,10835,0,0,0,0,1495,3506,2683,21,305,0,7,1
parrila01,1891,992,256,6792,0,0,0,0,1466,1700,1891,15,82,0,2,0
evansdw01,2606,1384,385,8996,0,0,0,0,2289,5450,2606,20,0,8,3,0
mulhote01,687,23,2,619,685,1262,4.752307692307692,0.29303846153846147,685,114,687,20,0,0,1,0
kingmda01,1941,1210,442,6677,2,4,9,0.2,1407,5835,1941,16,0,0,3,0
lowebo01,1821,989,71,7078,1,1,9,0,1820,4226,1822,18,30,0,0,0
abbotji01,263,3,0,21,263,791,4.496363636363637,0.2803636363636363,263,72,263,10,0,0,0,0
dyeje01,1763,1072,325,6487,0,0,0,0,1696,3273,1763,14,0,1,2,0
guerrpe01,1536,898,215,5392,0,0,0,0,1499,6007,1536,15,0,0,5,0
martide01,695,33,0,520,692,1643,4.022499999999998,0.2647083333333334,692,319,695,23,0,0,4,0
posadjo01,1829,1065,275,6092,0,0,0,0,1617,10207,1829,17,0,0,5,0
griffke02,2671,1836,630,9801,0,0,0,0,2384,5607,2671,22,0,11,13,1
huffau01,1681,904,242,6104,0,0,0,0,1245,5159,1681,13,0,0,0,0
knoblch01,1632,615,98,6366,0,0,0,0,1577,2852,1632,12,0,1,4,0
bailobo01,955,222,9,2937,3,2,7.71,0.364,981,1493,955,11,0,0,0,0
honeyri01,801,9,0,182,797,893,5.21125,0.2762916666666667,797,99,801,21,0,0,2,0
johnsra05,619,40,1,625,618,1513,3.4808333333333343,0.2251666666666667,619,90,619,22,0,5,10,1
righeda01,718,1,0,11,718,540,4.464117647058823,0.2535294117647059,718,35,718,16,0,0,2,0
baineha01,2830,1628,384,9908,0,0,0,0,1061,2031,2830,22,1,0,6,0
hernawi01,747,3,0,63,744,392,3.592142857142857,0.2507142857142857,744,58,747,13,0,2,3,0
blakeca01,1265,616,167,4500,0,0,0,0,1283,1706,1265,13,0,0,0,0
martipe02,477,18,0,434,476,919,2.998333333333333,0.22100000000000003,476,155,477,18,0,3,8,1
gwynnto01,2440,1138,135,9288,0,0,0,0,2326,4512,2440,20,0,5,15,1
hernake01,2088,1071,162,7370,0,0,0,0,2021,17916,2088,17,0,12,5,0
ripkeca01,3001,1695,431,11551,0,0,0,0,2977,4112,3001,21,0,4,19,1
brosisc01,1146,531,141,3889,0,0,0,0,1209,1219,1146,11,0,1,1,0
leonade01,313,0,0,0,312,898,3.59,0.2555,312,135,313,12,0,0,0,0
cabreor01,1985,854,123,7562,0,0,0,0,1966,3023,1985,15,0,2,0,0
griffcl01,485,166,8,1380,453,1246,3.479,0.5,478,201,485,21,1491,0,0,1
mcraeha01,2084,1097,191,7218,0,0,0,0,516,887,2084,19,399,0,3,0
dennyjo01,326,29,0,570,325,856,3.4450000000000003,0.2568571428571429,325,179,326,13,0,1,0,0
peitzhe01,1235,560,16,4124,4,13,7.426666666666667,0,1215,4696,1238,16,0,0,0,0
davisge01,2372,1440,73,9045,3,7,15.75,0,2363,5232,2373,20,107,0,0,1
gilesbr02,1847,1078,287,6527,0,0,0,0,1766,3447,1847,15,0,0,2,0
hendeda01,1538,708,197,5130,0,0,0,0,1389,3334,1538,14,0,0,1,0
madlobi01,1806,860,163,6594,0,0,0,0,1684,1694,1806,15,0,0,3,0
mcgeewi01,2201,856,79,7649,0,0,0,0,1990,4295,2201,18,0,4,4,0
morame01,1556,754,171,5422,0,0,0,0,1525,1787,1556,13,0,0,2,0
fiskca01,2499,1330,376,8756,0,0,0,0,2298,11612,2499,24,0,1,11,1
hebneri01,1908,890,203,6144,0,0,0,0,1711,4308,1908,18,0,0,0,0
joynewa01,2033,1106,204,7127,0,0,0,0,1913,16081,2033,16,0,0,1,0
disarga01,1086,355,28,3744,0,0,0,0,1081,1648,1086,12,0,0,1,0
rayjo01,1353,594,53,5188,0,0,0,0,1317,2757,1353,10,0,0,1,0
bellbu01,2405,1106,201,8995,0,0,0,0,2373,2196,2405,18,514,6,5,0
grudzma01,1802,640,90,7052,0,0,0,0,1792,2945,1802,15,0,1,1,0
jacksda02,356,28,0,428,353,923,4.64764705882353,0.2805882352941177,353,105,356,15,0,0,2,0
matthga01,2033,978,234,7147,0,0,0,0,1876,3226,2033,16,0,0,1,0
bowala01,2247,525,15,8418,0,0,0,0,2227,3323,2247,16,418,2,5,0
aurilri01,1652,756,186,5721,0,0,0,0,1605,3079,1652,15,0,0,1,0
blylebe01,699,25,0,451,692,1830,3.454166666666666,0.24870833333333334,692,287,699,22,0,0,2,1
niekrph01,866,109,7,1537,864,2012,4.098461538461539,0.25703846153846155,864,386,866,24,0,5,5,1
oglivbe01,1754,901,235,5913,0,0,0,0,1483,3399,1754,16,0,0,3,0
davisch01,2436,1372,350,8673,1,0,0,0,1186,2566,2436,19,0,0,3,0
mitchke01,1223,760,234,4134,0,0,0,0,1076,1676,1223,13,0,1,2,0
grissma02,2165,967,227,8275,0,0,0,0,2088,4880,2165,17,0,4,2,0
martied01,2055,1261,309,7213,0,0,0,0,592,566,2055,18,0,0,7,0
mesajo01,1023,0,0,2,1022,750,4.628181818181818,0.27222727272727276,1022,112,1023,19,0,0,2,0
butlebr01,2213,578,54,8180,0,0,0,0,2159,5296,2213,17,0,0,1,0
edmonji01,2011,1199,393,6858,0,0,0,0,1924,4930,2011,17,0,8,4,0
nevinph01,1217,743,208,4188,0,0,0,0,1069,3708,1217,12,0,0,1,0
deshaji01,258,12,0,373,257,702,5.667692307692308,0.2794615384615385,257,45,258,12,0,0,0,0
erstada01,1654,699,124,6024,0,0,0,0,1514,6963,1654,14,0,3,2,0
hrbekke01,1747,1086,293,6192,0,0,0,0,1610,13725,1747,14,0,0,1,0
bennech01,1062,533,55,3821,0,0,0,0,1084,5326,1062,15,0,0,0,0
mackco01,724,265,5,2698,0,0,0,0,729,3321,724,11,3731,0,0,1
robinwi01,1371,722,18,5075,0,0,0,0,1356,5408,1371,17,1399,0,0,1
spaldal01,411,338,2,1959,347,684,2.39,0,480,789,411,8,78,0,0,1
stoveha01,1489,912,122,6153,4,7,13.5,0,1501,7527,1489,14,63,0,0,0
tennefr01,6,0,0,23,6,16,3.3966666666666665,0,6,2,6,1,0,0,0,0
thompsa01,1410,1308,126,5998,0,0,0,0,1410,2174,1410,15,0,0,0,1
smithea02,860,355,46,2264,0,0,0,0,721,2117,863,12,0,0,0,0
streega01,504,105,2,1501,0,0,0,0,493,2391,505,8,365,0,0,0
suhrgu01,1435,818,84,5176,0,0,0,0,1408,13104,1435,11,0,0,1,0
tidrodi01,620,7,0,95,620,715,4.415333333333333,0.2702,620,97,620,13,0,0,0,0
ritchcl01,1672,675,18,5923,0,0,0,0,1668,3841,1673,13,0,0,0,0
roepr01,333,28,1,620,333,730,4.509166666666666,0.2725,333,90,333,12,0,0,5,0
stahlla01,730,163,36,1721,0,0,0,0,484,992,730,10,0,0,0,0
thompro01,1304,458,119,4612,0,0,0,0,1280,2611,1304,11,14,1,2,0
steartu99,0,0,0,0,0,0,0,0,0,0,0,0,0,0,0,1
ruthba01,2503,2217,714,8398,163,309,3.6799999999999997,0.25000000000000006,2436,4787,2504,22,0,1,2,1
sainjo01,433,101,3,774,412,824,3.9338461538461544,0.2607692307692308,412,127,433,11,0,0,3,0
schaege01,1150,309,9,3784,2,2,27,0.495,1043,3276,1155,15,0,0,0,0
ryanno01,807,36,2,852,807,1911,3.6940740740740745,0.20877777777777784,807,220,807,27,0,0,8,1
samueju01,1720,703,161,6081,0,0,0,0,1544,3572,1720,16,17,0,3,0
thornan01,1565,895,253,5291,0,0,0,0,743,6239,1565,14,0,0,2,0
seleefr99,0,0,0,0,0,0,0,0,0,0,0,0,1284,0,0,1
suttlmu99,0,0,0,0,0,0,0,0,0,0,0,0,0,0,0,1
tayloto02,2195,598,75,7680,0,0,0,0,2031,4241,2195,19,0,0,2,0
ruperja99,0,0,0,0,0,0,0,0,0,0,0,0,0,0,0,1
rosepe01,3562,1314,160,14053,0,0,0,0,3528,12394,3562,24,412,3,17,0
rudijo01,1547,810,179,5556,0,0,0,0,1445,4167,1547,16,0,3,3,0
roushed01,1967,981,68,7363,0,0,0,0,1863,4683,1967,18,0,0,0,1
sistisi01,1016,260,27,2999,0,0,0,0,934,1600,1016,13,0,0,0,0
snidedu01,2143,1333,407,7161,0,0,0,0,1918,4099,2143,18,0,0,8,1
stephri01,1310,773,63,4508,0,0,0,0,1160,2289,1309,14,0,0,0,0
tennefr02,1994,688,22,7595,1,1,4.5,0,1986,18278,1994,17,202,0,0,0
schacal01,53,4,0,51,53,98,3.9133333333333336,0.29,53,13,53,3,0,0,0,0
seymocy01,1529,799,52,5686,141,430,5.395,0,1482,2952,1530,16,0,0,0,0
summech01,698,218,54,1371,0,0,0,0,297,508,698,11,0,0,0,0
sheckji01,2122,813,56,7605,0,0,0,0,2098,4242,2121,17,0,0,0,0
speiech01,2260,720,112,7156,0,0,0,0,2224,3314,2260,19,14,0,3,0
russeje01,591,10,1,79,589,458,3.5724999999999993,0.24700000000000003,589,71,591,14,0,0,2,0
spencji01,1553,599,146,4908,0,0,0,0,1245,9920,1553,15,0,2,1,0
smithle02,1023,2,1,64,1022,434,3.0028571428571422,0.2351904761904762,1022,52,1023,18,0,0,7,0
spahnwa01,783,189,35,1872,750,1798,3.277727272727272,0.24590909090909097,750,222,783,21,0,1,16,1
tenacge01,1555,674,201,4390,0,0,0,0,1551,8731,1555,15,19,0,1,0
ruffire01,882,273,36,1937,624,1833,4.017826086956522,0.25782608695652176,627,155,882,22,0,0,6,1
scottja01,408,73,5,680,356,776,4.613076923076923,0.29,357,63,408,12,0,0,0,0
sewelri01,423,59,6,750,390,819,4.256153846153846,0.2646153846153846,390,142,423,13,0,0,4,0
singebi01,324,13,0,413,322,819,3.15,0.2535333333333333,322,95,324,14,0,0,2,0
simmocu01,609,76,1,1135,569,1318,4.208260869565218,0.2734782608695653,569,127,609,20,0,0,3,0
murphda05,2180,1266,398,7960,0,0,0,0,2147,6319,2180,18,0,7,7,0
richajr01,239,50,10,552,238,562,4.294,0.2292,238,113,239,10,0,0,1,0
barbest01,466,27,5,563,466,747,4.087222222222221,0.2555,466,106,466,15,0,0,2,0
berryke01,1383,343,58,4136,0,0,0,0,1312,2722,1384,14,0,2,1,0
brechha01,321,44,2,673,318,618,2.704166666666667,0.23083333333333336,318,78,321,12,0,0,2,0
clarkho01,1272,304,27,4813,0,0,0,0,1187,2802,1272,10,0,0,0,0
gillipa99,0,0,0,0,0,0,0,0,0,0,0,0,0,0,0,1
henderi01,3081,1115,297,10961,0,0,0,0,2826,6468,3081,25,0,2,10,1
kuhnbo99,0,0,0,0,0,0,0,0,0,0,0,0,0,0,0,1
martibi02,1021,333,64,3419,0,0,0,0,983,2022,1022,11,1253,0,1,0
rodriiv01,2543,1332,311,9592,0,0,0,0,2436,14922,2543,21,0,14,14,1
stonest01,340,7,0,219,320,788,4.001818181818181,0.2526363636363636,320,125,340,11,0,1,1,0
beaucji01,393,90,14,661,0,0,0,0,184,755,393,10,0,0,0,0
danniha01,890,397,57,2971,0,0,0,0,802,3259,890,10,0,0,4,0
gehrilo01,2164,1995,493,8001,0,0,0,0,2147,19525,2164,17,0,2,7,1
jenseja01,1438,929,199,5236,0,0,0,0,1391,2739,1438,11,0,2,3,0
martiti02,2023,1271,339,7111,0,0,0,0,1869,15001,2023,16,0,0,2,0
mizejo01,1884,1337,359,6443,0,0,0,0,1675,14862,1883,15,0,0,10,1
ordonma01,1848,1236,294,6978,0,0,0,0,1725,3208,1848,15,0,0,6,0
penato01,1988,708,107,6489,0,0,0,0,1967,11260,1988,18,198,4,5,0
pinsova01,2469,1169,256,9645,0,0,0,0,2419,5145,2470,18,0,1,4,0
schurjo99,0,0,0,0,0,0,0,0,0,0,0,0,0,0,0,1
alomaro01,2379,1134,210,9073,0,0,0,0,2325,4463,2379,17,0,10,12,1
ashburi01,2189,586,29,8365,0,0,0,0,2106,6094,2189,15,0,0,5,1
bergewa01,1350,898,242,5163,0,0,0,0,1309,3430,1350,11,0,0,4,0
clemero01,2433,1305,240,9454,0,0,0,0,2373,4697,2433,18,0,13,17,1
clemero02,709,12,0,179,709,1707,3.2208333333333337,0.23083333333333333,709,320,709,24,0,8,11,0
coopece01,1896,1125,241,7349,0,0,0,0,1475,13361,1896,17,171,2,5,0
coopewa01,1473,812,173,4702,0,0,0,0,1223,5166,1473,18,0,0,8,0
courtcl01,946,313,38,2796,0,0,0,0,802,3556,946,11,0,0,0,0
coxbo01,220,58,9,628,0,0,0,0,194,148,220,2,2497,0,0,1
darkal01,1828,757,126,7219,1,2,18,0.25,1812,3174,1828,14,994,0,3,0
davisha01,1755,951,75,6653,0,0,0,0,1742,15866,1757,22,54,0,0,0
derripa01,579,102,2,1260,579,1401,3.531249999999999,0.27374999999999994,579,153,579,15,0,0,6,0
reynosh01,306,43,5,546,305,814,4.156923076923077,0.2986153846153846,305,121,306,13,0,0,1,0
richepe01,446,15,1,297,429,413,3.1506666666666665,0.22406666666666666,429,53,446,13,0,0,2,0
dickebi01,1789,1209,202,6300,0,0,0,0,1708,7965,1789,17,57,0,11,1
fernasi01,308,34,1,539,307,696,3.77375,0.2199375,307,25,308,15,0,0,2,0
gossari01,1003,2,0,85,1002,605,3.1999999999999997,0.23330434782608694,1002,78,1003,22,0,0,9,1
hemusso01,961,263,51,2694,0,0,0,0,763,1240,961,11,190,0,0,0
lemonbo01,615,147,37,1183,460,1024,3.424615384615385,0.2461538461538462,476,298,615,15,430,0,7,1
steinte01,1546,745,162,5369,0,0,0,0,1480,7849,1546,14,2,0,3,0
drabedo01,412,46,2,716,398,1052,3.958461538461538,0.25730769230769235,398,266,412,13,0,1,1,0
kennete02,1491,628,113,4979,0,0,0,0,1431,6754,1491,14,0,0,4,0
klembi99,0,0,0,0,0,0,0,0,0,0,0,0,0,0,0,1
larsedo01,480,72,14,596,412,650,4.144705882352942,0.2570588235294118,414,95,480,14,0,0,0,0
newsobo01,609,102,1,1337,600,1664,4.0872413793103455,0.26517241379310347,600,112,609,20,0,0,4,0
petrori01,1553,773,210,5390,0,0,0,0,1508,1886,1553,13,0,0,2,0
stanlmi01,1516,500,117,5022,0,0,0,0,1480,3688,1517,15,0,4,0,0
barroed99,0,0,0,0,0,0,0,0,0,0,0,0,310,0,0,1
bunniji01,601,75,7,1275,591,1366,3.565555555555555,0.24505555555555558,591,206,601,17,0,0,8,1
crigelo01,1012,342,11,3202,0,0,0,0,996,4456,1014,16,0,0,0,0
kuheljo01,2104,1049,131,7984,0,0,0,0,2057,19386,2104,18,106,0,0,0
lansfca01,1862,874,151,7158,0,0,0,0,1850,2098,1862,15,0,0,1,0
maddoga01,1749,754,117,6331,0,0,0,0,1687,4449,1749,15,0,8,0,0
millebo04,707,8,0,299,694,581,3.477391304347827,0.2463913043478261,694,106,707,17,0,0,0,0
sanchfr01,904,371,48,3402,0,0,0,0,873,1466,904,10,0,0,3,0
stearjo01,810,312,46,2681,0,0,0,0,783,4059,810,11,0,0,4,0
tekulke01,1050,2,0,121,1050,455,3.842941176470588,0.26282352941176473,1051,93,1050,16,0,0,1,0
thomafr04,2322,1704,521,8199,0,0,0,0,971,7910,2322,19,0,2,5,1
rizzuph01,1661,563,38,5816,0,0,0,0,1649,3220,1661,13,0,1,5,1
santoro01,2243,1331,342,8143,0,0,0,0,2201,2100,2243,15,0,5,9,1
sewellu01,1630,696,20,5383,0,0,0,0,1580,5522,1631,20,606,0,1,0
siebeso01,405,57,12,660,399,767,3.639333333333333,0.25220000000000004,399,159,405,12,0,0,2,0
sislege01,2055,1175,102,8267,24,29,1.19,0.1242857142857143,2036,18914,2054,15,218,1,0,1
santolo99,0,0,0,0,0,0,0,0,0,0,0,0,0,0,0,1
stantmi01,277,0,0,4,277,197,5.331249999999999,0.2745,277,28,277,7,0,0,0,0
stargwi01,2360,1540,475,7927,0,0,0,0,2144,9278,2360,21,0,1,7,1
stiebda01,454,0,0,2,443,1106,3.7524999999999995,0.2473125,444,272,454,16,0,0,7,0
shantbo01,578,46,1,548,537,726,3.5063157894736836,0.24368421052631578,538,175,578,16,0,9,3,0
rolensc01,2038,1287,316,7398,0,0,0,0,2023,1478,2038,17,0,8,7,0
rowesc01,491,153,18,909,382,955,3.940625,0.266875,382,97,492,15,0,0,3,0
sanguma01,1448,585,65,5062,0,0,0,0,1241,6646,1448,13,0,0,3,0
smithhi99,0,0,0,0,0,0,0,0,0,0,0,0,0,0,0,1
steinha01,1647,762,27,5900,0,0,0,0,1643,2429,1648,14,0,0,0,0
stephjo03,12,0,0,0,12,44,6.09,0.271,12,2,12,1,0,0,0,0
sukefcl01,486,96,2,1237,0,0,0,0,399,1041,488,10,2,0,0,0
russebi01,2181,627,46,7318,0,0,0,0,2113,3104,2181,18,175,0,3,0
schulfr01,1806,792,92,6533,0,0,0,0,1737,2689,1807,15,0,1,0,0
sparktu01,314,41,0,801,314,734,3.7238461538461536,0,314,107,314,12,0,0,0,0
theveto01,1229,456,2,4164,0,0,0,0,1208,2308,1229,15,0,0,0,0
rusieam01,487,176,8,1730,463,1288,3.717,0,485,200,487,10,0,0,0,1
schoere01,2216,773,84,8479,0,0,0,0,2045,5045,2216,19,1041,0,10,1
stairma01,1895,899,265,5204,0,0,0,0,1071,3159,1895,19,0,0,0,0
thomago01,1435,782,268,4677,0,0,0,0,1167,2954,1436,13,0,0,1,0
southbi01,1192,561,52,4359,0,0,0,0,1117,2445,1192,13,1044,0,0,1
seweljo01,1903,1055,49,7132,0,0,0,0,1875,3273,1903,14,0,0,0,1
suttebr01,661,6,0,102,661,328,3.0800000000000005,0.23216666666666666,661,90,661,12,0,1,6,1
santibe01,1978,920,217,6951,0,0,0,0,1944,10955,1978,20,0,3,5,0
rommeed01,507,59,1,826,500,1006,3.6223076923076927,0.27538461538461545,505,165,508,13,0,0,0,0
shockur01,412,70,1,798,412,945,2.803076923076923,0.2661538461538462,412,155,412,13,0,0,0,0
robinfr02,2808,1812,586,10006,0,0,0,0,2450,6346,2808,21,1065,3,14,1
severha01,1390,539,17,4312,0,0,0,0,1242,4714,1392,15,0,0,0,0
rogerst01,406,39,0,881,399,1001,3.315384615384615,0.25184615384615383,399,237,406,13,0,0,5,0
stewaji01,777,112,8,1420,0,0,0,0,504,628,777,10,0,0,0,0
robinja02,1382,734,137,4877,0,0,0,0,1364,4007,1382,10,0,1,6,1
schreos01,895,338,9,3057,0,0,0,0,855,5270,898,11,0,0,0,0
strawda01,1583,1000,335,5418,0,0,0,0,1384,2515,1583,17,0,0,8,0
rootch01,632,93,11,1086,632,1274,3.7852941176470587,0.2652941176470588,632,95,632,17,0,0,0,0
sullibi03,1147,378,21,3647,0,0,0,0,1133,4810,1148,16,78,0,0,0
sauerha01,1399,876,288,4796,0,0,0,0,1266,2711,1399,15,0,1,2,0
schumha02,450,102,15,896,391,926,3.963076923076923,0.26076923076923075,393,154,451,13,0,0,2,0
seleaa01,404,1,0,58,404,1102,4.581999999999999,0.28640000000000004,404,119,404,15,0,0,2,0
martimo01,250,7,0,165,250,288,5.96,0.2799999999999999,250,18,250,10,0,0,0,0
matsuhi01,1236,760,175,4442,0,0,0,0,692,1326,1236,10,0,0,2,0
pendlte01,1893,946,140,7032,0,0,0,0,1786,1386,1893,15,0,4,1,0
piercbi02,616,69,0,1102,585,1201,3.335,0.23166666666666666,586,124,616,18,0,0,7,0
snowjt01,1716,877,189,5641,0,0,0,0,1656,12855,1716,16,0,6,0,0
boccajo01,551,148,26,1462,0,0,0,0,511,2477,551,12,0,0,0,0
cavarph01,2030,920,95,6754,0,0,0,0,1792,12435,2030,22,169,1,4,0
frymatr01,1698,1022,223,6481,0,0,0,0,1699,1393,1698,13,0,1,5,0
kellyge01,1622,1020,148,5993,1,0,0,0.21,1588,14690,1623,16,0,0,0,1
lynnfr01,1969,1111,306,6925,0,0,0,0,1825,4556,1969,17,0,5,9,0
sotoma01,303,24,1,530,297,667,3.882499999999999,0.23124999999999998,297,95,303,12,0,0,3,0
francjo01,1119,1,0,34,1119,400,3.133809523809524,0.253952380952381,1119,63,1119,21,0,0,4,0
frymawo01,625,25,2,609,625,1010,4.557,0.27294999999999997,625,97,625,18,0,0,2,0
hentgpa01,344,0,0,84,344,996,4.574999999999998,0.26342857142857146,344,131,344,14,0,1,3,0
moorete01,1298,513,80,4700,1,0,0,0,1197,3126,1298,11,35,0,4,0
ottme01,2730,1860,511,9456,0,0,0,0,2575,4734,2730,22,464,0,12,1
rayji01,309,6,0,117,308,247,4.465,0.22288888888888886,308,26,309,9,0,0,0,0
sosasa01,2354,1667,609,8813,0,0,0,0,2203,4522,2354,18,0,1,7,0
bellge02,1587,1002,265,6123,0,0,0,0,1236,2294,1587,12,0,1,3,0
chapmsa01,1368,773,180,4988,0,0,0,0,1329,3727,1368,11,0,0,1,0
haasmu01,1168,496,43,4303,0,0,0,0,1067,2862,1168,12,0,0,0,0
murphda02,1496,702,44,5399,0,0,0,0,1453,2521,1496,16,0,0,0,0
scottev01,1654,551,20,5837,0,0,0,0,1647,3353,1655,13,0,0,0,0
tiantlu01,573,44,5,513,573,1280,3.5273684210526315,0.2380526315789474,573,221,573,19,0,0,3,0
aloumo01,1942,1287,332,7037,0,0,0,0,1864,3114,1942,17,0,0,6,0
archeji01,847,296,16,2646,0,0,0,0,804,3861,850,12,0,0,0,0
drewjd01,1566,795,242,5173,0,0,0,0,1468,2845,1566,14,0,0,1,0
forscbo01,509,84,12,893,498,1169,4.0317647058823525,0.2680588235294118,498,234,509,16,0,0,0,0
forscke01,521,17,0,383,521,796,3.664375,0.26175000000000004,521,134,521,16,0,0,2,0
harpeto01,1810,567,146,6269,0,0,0,0,1618,2823,1810,15,0,0,1,0
jurgebi01,1816,656,43,6253,0,0,0,0,1775,3369,1816,17,59,0,3,0
maybejo01,1620,879,255,5447,0,0,0,0,1478,13169,1620,15,0,0,2,0
moseswa01,2012,679,89,7356,0,0,0,0,1792,4000,2014,17,0,0,2,0
timlimi01,1059,0,0,7,1058,486,3.7223809523809526,0.2561428571428571,1058,101,1059,18,0,0,0,0
aparilu01,2601,791,83,10230,0,0,0,0,2583,4548,2601,18,0,9,15,1
seguidi01,640,24,4,384,639,765,3.768125000000001,0.24162499999999998,639,128,640,15,0,0,0,0
speaktr01,2789,1529,117,10195,1,1,9,0.5,2717,6935,2792,22,617,1,0,1
tartada01,1406,925,262,5011,0,0,0,0,977,1659,1406,14,0,0,1,0
johnsbo01,1863,1283,288,6920,0,0,0,0,1856,4416,1863,13,0,0,8,0
johnsho01,1531,760,228,4940,0,0,0,0,1534,1276,1531,14,0,0,2,0
mackebi99,0,0,0,0,0,0,0,0,0,0,0,0,0,0,0,1
malonji01,321,53,7,628,302,655,4.114166666666666,0.23833333333333329,303,101,321,12,0,0,1,0
moneydo01,1720,729,176,6215,0,0,0,0,1553,2697,1720,16,0,0,4,0
powervi01,1627,658,126,6046,0,0,0,0,1655,10833,1627,12,0,7,6,0
slaugen01,2380,1304,169,7946,0,0,0,0,2064,3925,2380,19,0,0,10,1
gladdfr01,450,3,0,63,450,209,3.7415384615384615,0.2556153846153846,450,33,450,13,0,0,0,0
gurala01,405,1,0,33,403,855,4.558823529411765,0.27847058823529414,403,107,405,16,0,0,1,0
koufasa01,397,28,2,776,397,713,3.141666666666667,0.20833333333333334,397,64,397,12,0,4,7,1
leebi03,419,10,2,197,416,783,3.8649999999999998,0.28750000000000003,416,83,419,14,0,0,1,0
moorejo02,1335,513,79,5427,0,0,0,0,1294,2501,1335,12,0,0,6,0
smithsh01,381,60,6,709,373,757,7.022,0.3266666666666667,376,92,381,14,0,0,0,0
sweenbi02,1039,389,11,3692,0,0,0,0,1031,2357,1043,8,0,0,0,0
gowdyha01,1050,322,21,2735,0,0,0,0,944,3577,1049,17,3,0,0,0
maricju01,475,75,4,1221,471,1126,3.713125,0.24693750000000003,471,291,475,16,0,0,10,1
cadorle01,193,45,5,442,192,438,4.8136363636363635,0.28,192,57,193,10,0,0,0,0
camparo01,1215,856,242,4205,0,0,0,0,1183,6520,1215,10,0,3,8,1
gibsobo01,596,144,24,1328,528,1258,3.1458823529411766,0.2319411764705883,528,291,597,17,0,12,8,1
herzowh01,634,172,25,1614,0,0,0,0,487,1016,634,8,1281,0,0,1
lanieha01,1196,273,8,3703,0,0,0,0,1221,2041,1196,10,254,0,0,0
lloydpo99,0,0,0,0,0,0,0,0,0,0,0,0,0,0,0,1
sheffga01,2576,1676,509,9217,0,0,0,0,2212,3275,2576,22,0,0,9,0
sherdbi01,549,86,9,960,514,1120,3.6217647058823528,0.2870588235294118,517,82,549,15,0,0,0,0
gagliph01,702,159,14,1411,0,0,0,0,397,697,702,12,0,0,0,0
haineje01,560,79,3,1124,555,1298,3.6394736842105266,0.2773684210526316,556,108,560,19,0,0,0,1
schilcu01,571,29,0,773,569,1253,3.9676190476190474,0.25352380952380954,569,183,571,20,0,0,6,0
smithlo01,1613,533,98,5170,0,0,0,0,1356,2388,1613,17,0,0,1,0
templga01,2079,728,70,7721,0,0,0,0,2010,3551,2079,16,0,0,3,0
bankser01,2528,1636,512,9421,0,0,0,0,2476,14206,2528,19,0,3,14,1
galanau01,1742,830,100,5937,0,0,0,0,1580,3977,1742,16,0,0,3,0
matheed01,2391,1453,512,8537,0,0,0,0,2345,2966,2391,17,149,0,12,1
pruethu01,211,12,0,212,211,383,4.531428571428571,0.2785714285714286,211,41,211,7,0,0,0,0
seaveto01,677,86,12,1315,656,1521,3.0368181818181825,0.22850000000000004,656,328,677,20,0,3,12,1
taylobe99,0,0,0,0,0,0,0,0,0,0,0,0,0,0,0,1
adamssp01,1424,394,9,5557,0,0,0,0,1384,2287,1424,13,0,0,0,0
brownmo01,493,74,2,1143,481,725,2.3699999999999997,4.435714285714286,485,173,496,14,50,0,0,1
doerrbo01,1865,1247,223,7093,0,0,0,0,1852,4928,1865,14,0,0,9,1
dropowa01,1288,704,152,4124,0,0,0,0,1177,9173,1288,13,0,0,1,0
flickel01,1483,756,48,5597,0,0,0,0,1471,2406,1484,13,0,0,0,1
lavagco01,1043,486,40,3509,0,0,0,0,945,1364,1043,10,271,0,4,0
saxst01,1769,550,54,6940,0,0,0,0,1719,3617,1769,14,0,0,5,0
bladera01,767,340,50,2415,0,0,0,0,648,1339,767,10,107,0,0,0
carrocl02,731,7,1,208,731,442,3.0935294117647056,0.25223529411764706,731,60,731,15,0,0,2,0
fregoji01,1902,706,151,6523,0,0,0,0,1778,3805,1902,18,1028,1,6,0
jonescl01,1213,524,93,4263,0,0,0,0,1146,2280,1213,13,0,0,1,0
lombaer01,1853,990,190,5855,0,0,0,0,1544,5694,1852,17,0,1,8,1
sandbry01,2164,1061,282,8385,0,0,0,0,2135,3892,2164,16,119,10,10,1
scottge02,2034,1051,271,7433,0,0,0,0,1992,15601,2034,14,0,8,3,0
brownwi02,21,6,1,67,0,0,0,0,18,41,21,1,0,0,0,1
gromest01,470,40,0,630,447,782,3.954999999999999,0.255,447,126,470,17,0,0,1,0
hafeych01,1283,833,164,4625,0,0,0,0,1195,2527,1283,13,0,0,1,1
mantlmi01,2401,1509,536,8102,0,0,0,0,2290,6734,2401,18,0,4,19,1
milnejo01,1215,498,131,3436,0,0,0,0,987,4811,1215,12,0,0,0,0
bresnro01,1446,530,26,4481,9,22,3.3166666666666664,0,1375,5138,1447,17,328,0,0,1
coopewi01,521,106,6,1227,517,1119,3.435,0.2687500000000001,519,102,521,15,0,0,0,0
hinchbi01,908,369,20,3043,0,0,0,0,875,1900,908,10,0,0,0,0
mcleala01,862,298,6,2647,0,0,0,0,798,3346,863,13,0,0,0,0
mcmanma01,1831,999,120,6660,0,0,0,0,1801,4100,1831,15,95,0,0,0
mcnalda01,425,43,9,731,424,982,3.2192857142857143,0.2355,424,97,425,14,0,0,3,0
bluelu01,1615,695,44,5904,0,0,0,0,1572,15647,1615,13,0,0,0,0
mcdanli01,988,17,3,378,987,821,3.661818181818182,0.25640909090909086,987,127,988,21,0,0,2,0
sadecra01,587,56,5,789,563,1051,3.685909090909091,0.26595454545454544,563,62,587,18,0,0,0,0
chandha99,0,0,0,0,0,0,0,0,0,0,0,0,0,0,0,1
cronijo01,2124,1424,170,7579,0,0,0,0,2005,4303,2124,20,1236,0,7,1
gelbech01,876,350,17,2869,2,4,9,0.27,851,1580,876,9,0,0,0,0
hackst01,1938,642,57,7278,0,0,0,0,1883,2311,1938,16,199,0,5,0
hallabi01,328,32,2,557,324,779,4.313846153846153,0.2784615384615384,324,67,328,12,0,0,1,0
mathech01,647,165,7,1687,636,1135,2.6494444444444447,0.26999999999999996,643,313,647,17,164,0,0,1
northro01,1084,513,108,3172,0,0,0,0,822,1363,1084,12,0,0,0,0
sexsori01,1367,943,306,4928,0,0,0,0,1308,9838,1367,12,0,0,2,0
tanneje01,507,142,5,1414,359,858,3.4137500000000003,0.31,446,267,508,15,0,0,0,0
cardele01,1941,689,118,6707,0,0,0,0,1915,3271,1941,16,0,1,5,0
kluszte01,1718,1028,279,5929,0,0,0,0,1481,12652,1718,15,0,0,4,0
mayru01,536,14,0,341,535,1007,3.7533333333333334,0.24155555555555555,535,87,536,16,0,0,0,0
mcbriba01,1071,430,63,3853,0,0,0,0,963,2163,1071,11,0,0,1,0
meltobi01,1144,591,160,3971,0,0,0,0,1028,1178,1144,10,0,0,1,0
rixeyep01,694,111,3,1522,692,1572,3.2376190476190465,0.2690476190476191,692,131,694,21,0,0,0,1
ruckena01,336,44,1,805,336,639,2.425,0.24833333333333332,336,55,336,10,0,0,0,0
thomair01,484,155,3,1352,0,0,0,0,452,2136,487,10,0,0,0,0
grimmch01,2166,1078,79,7917,0,0,0,0,2141,20722,2166,20,1287,0,0,0
lasorto01,27,0,0,14,26,42,8.216666666666667,0.26333333333333336,26,3,27,3,1599,0,0,1
roganbu99,0,0,0,0,0,0,0,0,0,0,0,0,0,0,0,1
shortch02,506,24,0,697,501,886,4.179333333333333,0.2594666666666667,502,112,506,15,0,0,2,0
hahnno01,244,52,2,731,243,574,2.71,0,245,109,244,8,0,0,0,0
moonwa01,1457,661,142,4843,0,0,0,0,1277,3133,1458,12,0,1,3,0
selkige01,846,576,108,2790,0,0,0,0,773,1559,846,9,0,0,2,0
smithoz01,2573,793,28,9396,0,0,0,0,2511,4249,2573,19,0,13,15,1
bellco99,0,0,0,0,0,0,0,0,0,0,0,0,0,0,0,1
cruiswa01,736,272,30,2321,0,0,0,0,670,1314,737,10,0,0,0,0
hartnga01,1990,1179,236,6432,0,0,0,0,1826,7577,1991,20,203,1,6,1
heganji01,1666,525,92,4772,0,0,0,0,1629,7506,1666,17,0,0,5,0
jonesja05,40,11,3,107,0,0,0,0,30,44,40,1,0,0,0,0
mulcahu01,223,21,0,388,220,579,4.288888888888889,0.2811111111111111,221,75,223,9,0,0,1,0
northji01,1392,610,153,4692,0,0,0,0,1301,2715,1392,12,0,0,0,0
simmoal01,2215,1827,307,8759,0,0,0,0,2143,5000,2215,20,0,0,3,1
stahlja01,981,437,31,3425,0,0,0,0,959,8731,982,9,263,0,0,0
staubru01,2951,1466,292,9720,0,0,0,0,2101,6572,2951,23,0,0,6,0
bergema01,344,176,10,1278,0,0,0,0,341,1330,344,4,0,0,0,0
dooinre01,1290,344,10,4004,0,0,0,0,1219,5535,1291,15,392,0,0,0
edwarjo01,1470,524,81,4577,0,0,0,0,1392,8925,1470,14,0,2,3,0
lockebo01,168,12,1,98,165,186,3.995,0.251,165,39,168,9,0,0,0,0
schalra01,1762,594,11,5306,0,0,0,0,1727,7168,1763,18,102,0,0,1
bigbeca01,1147,324,17,4192,0,0,0,0,1073,2375,1148,11,0,0,0,0
colavro01,1841,1159,374,6503,2,0,0,0.055,1787,3407,1841,14,0,0,9,0
hillejo01,546,4,0,101,545,391,3.1480000000000006,0.23513333333333336,545,45,546,15,0,0,1,0
howarfr01,1895,1119,382,6488,0,0,0,0,1769,4412,1895,16,93,0,4,0
jacksjo01,1332,785,54,4981,0,0,0,0,1319,2646,1332,13,0,0,0,0
loberha01,1317,482,32,4563,0,0,0,0,1249,1775,1321,14,42,0,0,0
planked01,630,122,3,1607,623,1174,2.3411764705882354,1.6314285714285717,623,229,629,17,0,0,0,1
bentola01,462,42,2,738,455,1029,4.604666666666666,0.2940000000000001,455,93,462,13,0,0,0,0
cartyri01,1651,890,204,5606,0,0,0,0,884,1846,1651,15,0,0,1,0
irvinmo01,764,443,99,2499,0,0,0,0,696,2084,764,8,0,0,1,1
kalinal01,2834,1583,399,10116,0,0,0,0,2625,5938,2834,22,0,10,18,1
pascuca02,542,81,5,967,529,1183,4.051578947368421,0.24873684210526312,529,210,542,18,0,0,6,0
rolfere01,1175,497,69,4827,0,0,0,0,1148,1336,1175,10,278,0,4,0
bartobo01,393,66,9,1049,0,0,0,0,380,1986,393,10,0,0,0,0
brownga01,1051,322,84,2262,0,0,0,0,429,693,1051,13,0,0,0,0
harrebu01,1533,267,7,4744,0,0,0,0,1480,2502,1533,16,145,1,2,0
linzyfr01,516,3,1,121,516,259,3.2641666666666667,0.2649166666666667,516,51,516,11,0,0,0,0
roberro01,688,103,5,1525,676,1774,3.5557142857142856,0.2566666666666667,676,316,688,19,0,0,7,1
cranddo01,500,126,9,887,302,502,5.069090909090908,2.71625,386,195,502,10,0,0,0,0
cuyleki01,1879,1065,128,7161,0,0,0,0,1807,4034,1879,18,0,0,1,1
robinbr01,2896,1357,268,10654,0,0,0,0,2900,2712,2896,23,0,17,18,1
seligbu99,0,0,0,0,0,0,0,0,0,0,0,0,0,0,0,1
bahnsst01,575,19,1,479,574,1013,3.8157894736842106,0.25152631578947365,574,154,575,16,0,0,0,0
boyerke01,2034,1141,282,7455,0,0,0,0,1992,2376,2034,15,166,6,13,0
burnsge01,1853,611,41,7241,0,0,0,0,1845,3918,1853,15,0,0,0,0
careyma01,2476,800,70,9363,0,0,0,0,2421,6363,2466,20,146,0,0,1
kleinch01,1753,1201,300,6486,0,0,0,0,1601,3250,1753,17,0,1,2,1
mcgratu01,826,18,1,214,824,528,3.4552631578947364,0.2378947368421053,824,75,826,19,0,0,2,0
morgajo02,2649,1133,268,9277,0,0,0,0,2546,5758,2649,22,0,7,10,1
singlke01,2082,1065,246,7189,0,0,0,0,1538,2684,2082,15,0,0,3,0
surhobj01,2313,1153,188,8258,0,0,0,0,2171,6661,2313,19,0,0,1,0
barrji01,481,31,1,513,454,816,3.688333333333333,0.2751666666666667,454,148,481,12,0,0,0,0
colboji01,302,1,0,55,301,675,4.153636363636364,0.27990909090909094,301,114,302,10,0,0,1,0
casege01,1226,377,21,5016,0,0,0,0,1187,2805,1226,11,0,0,4,0
dayle99,0,0,0,0,0,0,0,0,0,0,0,0,0,0,0,1
roberda01,804,364,47,2830,0,0,0,0,727,1260,805,9,0,0,0,0
tananfr01,639,5,0,59,638,1704,3.7552173913043485,0.2534347826086957,638,226,639,21,0,0,3,0
crawfsa01,2517,1519,97,9570,0,0,0,0,2450,5102,2517,19,0,0,0,1
howarel01,1605,762,167,5363,0,0,0,0,1488,7572,1605,14,0,3,11,0
leonabu99,0,0,0,0,0,0,0,0,0,0,0,0,0,0,0,1
ringji01,391,57,4,817,389,1079,4.3,0.2758333333333333,389,78,391,12,0,0,0,0
rivermi01,1468,499,61,5629,0,0,0,0,1253,3150,1468,15,0,0,1,0
floodcu01,1759,636,85,6357,0,0,0,0,1703,4023,1759,15,0,7,3,0
hillpe99,0,0,0,0,0,0,0,0,0,0,0,0,0,0,0,1
mcgowbi99,0,0,0,0,0,0,0,0,0,0,0,0,0,0,0,1
mcmilro01,2093,594,68,6752,0,0,0,0,2051,3722,2093,16,27,3,2,0
schanwa01,1842,710,59,5307,0,0,0,0,1663,5622,1841,19,0,0,0,0
smithre06,1987,1092,314,7033,0,0,0,0,1875,5186,1987,17,0,1,7,0
sutclri01,466,55,4,562,457,1223,3.8894736842105258,0.2595789473684211,457,211,466,18,0,1,3,0
thomsbo01,1779,1026,264,6305,0,0,0,0,1700,3800,1779,15,0,0,3,0
ferreri01,1884,734,28,6028,0,0,0,0,1806,7248,1884,18,0,0,8,1
grantmu01,667,65,6,759,571,985,3.605555555555555,0.24733333333333338,571,162,667,14,0,0,2,0
kressre01,1391,799,89,5087,4,13,12.49,0.33,1354,3987,1392,14,0,0,0,0
reesepe01,2166,885,126,8058,0,0,0,0,2129,4124,2166,16,0,0,10,1
allenbe01,1139,352,73,3404,0,0,0,0,1023,2031,1141,12,0,0,0,0
bedrost01,732,2,0,153,732,447,3.478666666666667,0.22960000000000003,732,64,732,14,0,1,1,0
chylane99,0,0,0,0,0,0,0,0,0,0,0,0,0,0,0,1
downibr01,2344,1073,275,7853,0,0,0,0,1460,4881,2344,20,0,0,1,0
dreyfba99,0,0,0,0,0,0,0,0,0,0,0,0,0,0,0,1
jossad01,296,51,1,817,286,488,1.9155555555555555,0,295,185,296,9,0,0,0,1
maglisa01,304,29,2,563,303,603,3.3171428571428576,0.24857142857142858,303,96,304,10,0,0,2,0
simsdu01,843,310,100,2422,0,0,0,0,761,4206,843,11,0,0,0,0
terrybi01,1721,1078,154,6428,0,0,0,0,1594,15999,1720,14,823,0,3,1
adamsba01,482,75,3,1019,482,917,3.7336842105263166,0.25666666666666665,482,58,482,19,0,0,0,0
bicheda01,1704,1141,274,6381,0,0,0,0,1553,2829,1704,14,0,0,4,0
booneaa01,1152,555,126,3871,0,0,0,0,1108,1348,1152,12,328,0,1,0
ensje01,67,24,1,186,0,0,0,0,50,149,67,4,176,0,0,0
gonzami01,1042,263,13,2829,0,0,0,0,934,3626,1044,17,9,0,0,0
guerrvl01,2147,1496,449,8155,0,0,0,0,1608,3169,2147,16,0,1,9,1
hulbewi99,0,0,0,0,0,0,0,0,0,0,0,0,0,0,0,1
johnto01,761,54,5,900,760,1749,3.4889285714285707,0.27117857142857144,760,237,761,26,0,0,4,0
krukjo01,1200,592,100,3897,0,0,0,0,1109,6022,1200,10,0,0,3,0
lowelmi01,1601,952,223,5813,0,0,0,0,1525,1468,1601,13,0,1,4,0
nichobi01,1677,948,235,5546,0,0,0,0,1471,2954,1678,16,0,0,5,0
nixonot01,1709,318,11,5115,0,0,0,0,1528,3313,1709,17,0,0,0,0
puhlte01,1531,435,62,4855,0,0,0,0,1304,2585,1531,15,0,0,1,0
rojasco01,1822,593,54,6309,1,0,0,0.2,1738,3466,1822,16,77,0,5,0
barlial99,0,0,0,0,0,0,0,0,0,0,0,0,0,0,0,1
davissp01,1458,647,77,4255,0,0,0,0,1289,4423,1458,16,1,0,0,0
olivato01,1676,947,220,6301,0,0,0,0,1178,2332,1676,15,0,1,8,0
oliveal01,2368,1326,219,9049,0,0,0,0,2109,9040,2368,18,0,0,7,0
cedence01,2006,976,199,7310,0,0,0,0,1976,5984,2006,17,0,5,4,0
dempsri01,1766,471,96,4692,2,1,4.5,0.333,1662,7402,1766,24,0,0,0,0
glavito02,709,90,1,1323,682,1734,3.7063636363636365,0.2597727272727273,682,262,709,22,0,2,10,1
harriwi99,0,0,0,0,0,0,0,0,0,0,0,0,0,0,0,1
howelro02,1112,454,80,3791,0,0,0,0,870,757,1112,11,0,0,1,0
millebi02,1820,992,116,6212,0,0,0,0,1627,3519,1821,16,0,0,0,0
ryanmi02,636,161,28,1920,0,0,0,0,632,3473,636,11,0,0,0,0
smoltjo01,735,61,5,948,723,1284,3.51,0.24068181818181822,723,320,735,21,0,1,8,1
bluevi01,508,15,4,512,502,1213,3.5188235294117645,0.23682352941176468,502,127,508,17,0,2,6,0
cepedor01,2124,1365,379,7927,0,0,0,0,1918,14829,2124,17,0,1,13,1
clarkja01,1994,1180,340,6847,0,0,0,0,1623,7127,1994,18,0,0,4,0
davalvi01,1458,329,36,4017,2,1,0,1,1115,2389,1458,16,0,1,1,0
gordoto01,893,0,0,2,890,927,4.722727272727273,0.24431818181818185,890,185,893,21,0,0,3,0
hoernjo01,493,3,1,59,493,187,3.8999999999999995,0.26912499999999995,493,19,493,14,0,0,1,0
hootobu01,481,49,4,748,480,996,3.6756249999999997,0.251875,480,165,481,15,0,0,1,0
lopesda01,1812,614,155,6354,0,0,0,0,1725,3558,1812,16,144,1,4,0
lopezal01,1950,652,51,5916,0,0,0,0,1925,6654,1950,19,1410,0,2,1
perraro01,737,3,0,167,737,364,3.301333333333334,0.2592,737,45,737,13,0,0,0,0
portebo01,322,43,6,516,318,660,5.2575,0.26375,318,80,322,12,0,0,1,0
simmote01,2456,1389,248,8680,0,0,0,0,2035,10544,2456,21,1,0,8,0
cannich01,740,169,18,1950,0,0,0,0,715,3162,740,13,0,0,1,0
carrach01,1325,474,55,4644,0,0,0,0,1313,2206,1325,10,0,0,4,0
foxne01,2367,790,35,9232,0,0,0,0,2303,6102,2367,19,0,4,15,1
mancugu01,1460,543,53,4505,0,0,0,0,1360,5613,1460,17,0,0,2,0
milledo02,1589,715,32,5805,0,0,0,0,1598,9170,1591,12,0,0,0,0
olearch01,955,220,3,3232,0,0,0,0,944,2102,958,11,0,0,0,0
osteecl01,588,76,8,1099,541,1268,3.495,0.25135,542,159,588,18,0,0,3,0
peskyjo01,1270,404,17,4745,0,0,0,0,1188,1987,1270,10,147,0,1,0
alleyge01,1195,342,55,3927,0,0,0,0,1138,1879,1195,11,0,2,2,0
bandosa01,2019,1039,242,7060,1,2,6,0.231,1932,1788,2019,16,0,0,4,0
fergujo01,1013,445,122,3001,0,0,0,0,974,4253,1013,14,0,0,0,0
salmoti01,1672,1016,299,5934,0,0,0,0,1266,2695,1672,14,0,0,0,0
bluegos01,1867,848,43,6440,0,0,0,0,1816,2278,1867,18,375,0,1,0
brownla01,1129,254,47,3449,0,0,0,0,1096,1665,1129,12,0,0,0,0
johnsba99,0,0,0,0,0,0,0,0,0,0,0,0,0,0,0,1
mayca01,1165,536,90,4120,0,0,0,0,888,2920,1165,10,0,0,2,0
belanma01,2016,389,20,5784,0,0,0,0,1971,3040,2016,18,0,8,1,0
bergmo01,663,206,6,1813,0,0,0,0,632,1858,663,15,0,0,0,0
santajo01,360,9,1,248,360,721,3.5300000000000007,0.23658333333333334,360,98,360,12,0,3,4,0
beckegl01,1320,360,22,5208,0,0,0,0,1249,2712,1320,11,0,1,4,0
boudrlo01,1646,789,68,6029,0,0,0,0,1618,3265,1646,15,1162,1,8,1
grimsro02,346,15,0,353,345,863,4.300833333333332,0.2810833333333333,345,60,346,11,0,0,1,0
hubbaca99,0,0,0,0,0,0,0,0,0,0,0,0,0,0,0,1
larusto01,132,7,0,176,0,0,0,0,83,112,132,6,2817,0,0,1
lindsfr01,1438,779,103,5611,0,0,0,0,1389,2177,1439,13,0,0,0,1
suttodo01,785,64,0,1354,774,1914,3.3091999999999997,0.23763999999999996,774,334,785,23,0,0,4,1
downial01,409,51,2,717,405,811,3.552222222222223,0.2195555555555556,405,72,409,17,0,0,1,0
hargrbu01,852,376,29,2533,0,0,0,0,747,2420,853,12,0,0,0,0
holmeto01,1320,581,88,4992,0,0,0,0,1231,2823,1320,11,61,0,2,0
minosmi01,1835,1023,186,6579,0,0,0,0,1791,3416,1835,17,0,3,9,0
reeseri01,866,245,52,2020,0,0,0,0,714,4109,866,10,0,0,0,0
rogerke01,763,4,0,66,762,1568,4.27047619047619,0.2689047619047619,762,258,763,20,0,5,4,0
durocle01,1637,567,24,5350,0,0,0,0,1608,3275,1637,17,2008,0,3,1
francju02,404,152,48,996,0,0,0,0,284,761,404,6,0,0,0,0
mckecbi01,846,240,8,2843,0,0,0,0,796,1626,847,11,1896,0,0,1
murreiv01,564,123,33,1306,0,0,0,0,383,921,564,10,0,0,0,0
ricesa01,2404,1078,34,9269,9,11,2.475,0.22,2279,4775,2405,20,0,0,0,1
camildo01,1490,950,239,5353,0,0,0,0,1476,13724,1489,12,0,1,2,0
cashno01,2089,1103,377,6705,0,0,0,0,1954,15173,2089,17,0,0,5,0
ellioju01,253,37,4,416,252,569,7.5218181818181815,0.2945454545454545,252,32,253,10,0,0,0,0
kerrdi01,143,21,0,275,140,346,4.03,0.27749999999999997,140,26,143,4,0,0,0,0
sierrru01,2186,1322,306,8044,0,0,0,0,1622,2951,2186,20,0,0,4,0
tewksbo01,304,19,0,380,302,787,4.563571428571428,0.30357142857142855,302,138,304,13,0,0,1,0
daviscu01,449,81,11,813,429,884,4.25,0.27666666666666667,429,146,449,13,0,0,2,0
ellisdo01,388,23,0,489,345,817,3.8412499999999996,0.26699999999999996,345,173,388,12,0,0,1,0
furilca01,1806,1058,192,6378,0,0,0,0,1739,3322,1806,15,0,0,2,0
grovele01,619,121,15,1369,616,1339,3.264117647058823,0.2535294117647059,616,65,619,17,0,1,6,1
andersp01,152,34,0,477,0,0,0,0,152,343,152,1,2194,0,0,1
evansbi99,0,0,0,0,0,0,0,0,0,0,0,0,0,0,0,1
eversjo01,1784,538,12,6137,0,0,0,0,1776,3806,1784,18,180,1,0,1
huggimi01,1586,318,9,5558,0,0,0,0,1545,3450,1594,13,1413,0,0,1
landike99,0,0,0,0,0,0,0,0,0,0,0,0,0,0,0,1
leachto01,2156,810,63,7959,0,0,0,0,2112,4008,2156,19,0,0,0,0
mccorfr01,1534,951,128,5723,0,0,0,0,1453,13803,1534,13,0,1,9,0
rudoldi01,284,56,2,698,279,605,3.636153846153846,0.2625,279,79,284,13,0,0,0,0
splitpa01,430,4,0,121,429,1082,4.250666666666667,0.2833333333333333,429,125,430,15,0,0,0,0
cobbty01,3035,1944,117,11436,3,2,2.25,0.2,2954,6507,3034,24,479,1,0,1
covelst01,451,81,1,1058,450,990,3.135714285714286,0.2592857142857143,451,174,451,14,0,0,0,1
facero01,853,7,0,194,848,531,3.158235294117647,0.2682352941176471,848,104,853,16,0,0,6,0
handsbi01,374,19,0,472,374,727,4.410833333333334,0.26425,374,140,374,11,0,0,0,0
lawve01,516,90,11,883,483,1118,3.969375,0.2725000000000001,484,213,516,16,0,1,2,0
mcginjo01,477,90,0,1297,465,1016,2.6609090909090907,0,475,218,477,10,0,0,0,1
moranpa01,818,262,18,2634,0,0,0,0,767,3603,823,14,748,0,0,0
alexape01,703,163,11,1810,696,1476,2.972380952380952,0.2538095238095239,697,189,703,20,0,0,0,1
crosefr01,1683,649,98,6277,0,0,0,0,1658,3202,1683,17,0,0,2,0
friscfr01,2311,1244,105,9112,0,0,0,0,2296,4918,2311,19,1138,1,3,1
reynoal01,475,79,1,857,434,915,3.0707692307692303,0.23461538461538467,434,111,475,13,0,0,6,0
stewada01,523,4,0,51,523,1154,4.048421052631579,0.2525263157894737,523,197,523,16,0,0,1,0
tettlmi01,1485,732,245,4698,0,0,0,0,1139,4951,1485,14,0,0,2,0
combsea01,1455,632,58,5746,0,0,0,0,1387,3449,1456,12,0,0,0,1
myerbu01,1923,850,38,7038,0,0,0,0,1810,4224,1923,17,0,0,2,0
ricede01,1309,441,79,3826,0,0,0,0,1249,5353,1309,17,75,0,1,0
scottto01,991,253,17,2803,0,0,0,0,853,1803,991,11,0,0,0,0
sundbji01,1962,624,95,6021,0,0,0,0,1930,9773,1962,16,0,6,3,0
thomeji01,2543,1699,612,8422,0,0,0,0,1599,9450,2543,22,0,0,5,1
bakerfr01,1575,987,96,5984,0,0,0,0,1548,2154,1575,13,0,0,0,1
bendech01,507,116,6,1147,459,823,3.4443750000000004,1.4737500000000001,472,237,509,16,0,0,0,1
bodiepi01,1050,516,43,3670,0,0,0,0,1012,1933,1051,9,0,0,0,0
bottoji01,1991,1422,219,7471,0,0,0,0,1886,18337,1991,16,21,1,0,1
brilene01,452,29,3,469,452,807,3.8560000000000003,0.2666,452,131,452,14,0,0,0,0
collied01,2826,1300,47,9949,0,0,0,0,2701,6621,2825,25,174,1,0,1
mcmulke01,1583,606,156,5131,0,0,0,0,1416,1769,1583,16,0,0,0,0
nolanga01,252,32,1,529,250,573,3.700909090909091,0.24563636363636362,250,95,252,10,0,0,1,0
selmadi01,324,7,0,203,307,338,5.233333333333334,0.2560833333333334,310,52,324,10,0,0,0,0
culpra01,322,34,1,602,322,755,3.7763636363636364,0.23581818181818184,322,135,322,11,0,0,2,0
foxxji01,2317,1922,534,8134,10,4,0.795,0.085,2200,17797,2317,20,0,3,9,1
hearnji01,403,36,9,548,396,721,4.417857142857143,0.265,396,106,403,13,0,0,1,0
maxvida01,1423,252,6,3443,0,0,0,0,1401,1974,1423,14,0,1,0,0
gomezle01,368,58,0,904,368,930,3.9285714285714284,0.24642857142857144,368,56,368,14,0,0,7,1
kennejo03,856,185,32,2110,0,0,0,0,825,886,856,12,0,0,0,0
medicdo01,314,1,0,54,312,838,3.9007692307692308,0.3190714285714286,312,114,314,11,0,0,0,0
phillde01,377,90,3,980,372,749,3.583076923076923,0.23,375,97,378,13,0,0,0,0
saberbr01,403,1,0,190,399,952,3.8123529411764707,0.2600588235294118,399,203,403,16,0,3,3,0
bibbyji01,341,17,5,209,340,719,4.222857142857143,0.25035714285714283,340,88,341,12,0,0,1,0
knowlda01,766,11,0,125,765,378,3.9041176470588237,0.2580588235294118,765,51,766,16,0,0,1,0
sandere02,1777,983,305,6241,0,0,0,0,1677,3334,1777,17,0,0,1,0
schaapa01,1128,323,57,3555,0,0,0,0,1095,775,1128,11,0,0,0,0
tinkejo01,1806,783,31,6441,0,0,0,0,1794,3826,1809,15,304,0,0,1
drysddo01,547,113,29,1169,518,1124,3.0471428571428576,0.24,518,188,547,14,0,1,9,1
fosteru99,0,0,0,0,0,0,0,0,0,0,0,0,0,0,0,1
lylesp01,899,4,0,78,899,445,2.9799999999999995,0.25094444444444447,899,54,899,16,0,1,3,0
coombja01,460,100,4,1110,354,717,3.491428571428572,0.26,417,258,466,14,18,0,0,0
dimagdo01,1399,618,87,5640,0,0,0,0,1373,3859,1399,11,0,0,7,0
ennisde01,1903,1284,288,7254,0,0,0,0,1841,3629,1903,14,0,0,3,0
pompeal99,0,0,0,0,0,0,0,0,0,0,0,0,0,0,0,1
rueteki01,349,40,0,622,340,911,4.12,0.27442857142857147,340,135,349,13,0,0,0,0
killebi01,1035,240,4,3150,0,0,0,0,1007,4833,1036,13,524,0,0,0
kuennha01,1833,671,87,6913,0,0,0,0,1747,3028,1833,15,160,0,10,0
applilu01,2422,1116,45,8856,0,0,0,0,2359,4674,2422,20,10,0,7,1
averiea01,1668,1164,238,6353,0,0,0,0,1589,3969,1669,13,0,0,6,1
fisheed02,690,8,0,246,690,583,3.5772222222222223,0.24172222222222228,690,107,690,15,0,0,1,0
fostebi99,0,0,0,0,0,0,0,0,0,0,0,0,0,0,0,1
gordojo01,1566,975,253,5707,0,0,0,0,1551,3826,1566,11,305,1,9,1
stengca01,1277,535,60,4288,0,0,0,0,1183,2171,1277,14,1905,0,0,1
bushjo01,581,137,7,1239,489,1205,4.736315789473683,0.27894736842105267,498,213,583,17,0,0,0,0
elliobo01,1978,1195,170,7141,0,0,0,0,1906,2519,1978,15,58,1,7,0
hoytwa01,674,100,0,1287,674,1500,3.7704000000000004,0.2675999999999999,674,153,674,21,0,0,0,1
judgejo01,2171,1034,71,7898,0,0,0,0,2086,19265,2173,20,0,0,0,0
ruelmu01,1468,534,4,4514,0,0,0,0,1413,5368,1467,19,59,0,0,0
scottmi03,348,45,2,653,347,813,4.499999999999999,0.2631538461538462,347,156,348,13,0,1,3,0
stottme01,366,57,7,749,360,878,2.9590909090909094,0.2415454545454545,360,242,366,11,0,0,5,0
boleyjo01,540,227,7,1780,0,0,0,0,529,919,540,6,0,0,0,0
hortowi01,2028,1163,325,7298,0,0,0,0,1191,1921,2028,18,0,0,4,0
leachfr01,991,509,72,3733,0,0,0,0,900,2189,991,10,0,0,0,0
lopated01,357,77,5,887,340,869,3.281538461538461,0.26153846153846155,340,100,357,12,90,0,1,0
mcdougi01,1336,576,112,4676,0,0,0,0,1391,2352,1336,10,0,0,6,0
seguida01,1456,684,139,4847,0,0,0,0,1220,8618,1456,15,0,0,0,0
brutobi01,1610,545,94,6056,0,0,0,0,1561,3905,1610,12,0,0,0,0
dimagjo01,1736,1537,361,6821,0,0,0,0,1722,4529,1736,13,0,3,13,1
leevesa01,389,78,2,993,388,731,2.476153846153846,0,389,84,389,13,0,0,0,0
sweenmi01,1454,909,215,5188,0,0,0,0,789,6015,1454,16,0,0,5,0
cashda01,1422,426,21,5554,0,0,0,0,1374,3228,1422,12,0,0,3,0
conrowi01,1374,452,22,5061,0,0,0,0,1362,2432,1379,11,0,0,0,0
henrito01,1284,795,183,4603,0,0,0,0,1206,3518,1284,11,0,0,5,0
johnsda02,1435,609,136,4797,0,0,0,0,1403,3862,1435,13,1369,3,4,0
lonboji01,426,43,3,770,425,1056,4.407333333333333,0.26306666666666667,425,189,426,15,0,1,1,0
moraljo01,733,207,26,1305,0,0,0,0,104,498,733,12,0,0,0,0
oneilst01,1590,537,13,4795,0,0,0,0,1533,5968,1590,17,1040,0,0,0
tebbebi01,1162,469,38,3704,0,0,0,0,1108,4667,1162,14,748,0,4,0
berrych02,709,256,23,2018,0,0,0,0,657,2047,709,11,0,0,0,0
colemvi01,1371,346,28,5406,0,0,0,0,1311,2452,1371,13,0,0,2,0
jonesan01,2196,1289,434,7599,0,0,0,0,2051,4986,2196,17,0,10,5,0
krukomi01,371,54,5,722,369,949,4.2335714285714285,0.2638571428571429,369,146,371,14,0,0,1,0
lankfra01,1701,874,238,5747,0,0,0,0,1586,3530,1701,14,0,0,1,0
mageesh01,2087,1176,83,7441,0,0,0,0,2053,5135,2087,16,0,0,0,0
mcdowja01,277,0,0,0,277,809,4.223333333333333,0.26383333333333336,277,139,277,12,0,1,3,0
pinielo01,1747,766,102,5867,0,0,0,0,1404,2546,1747,18,1827,0,1,0
reisepe01,861,368,58,2662,0,0,0,0,698,1486,861,10,0,0,3,0
robinbi02,1472,641,166,4364,0,0,0,0,1363,3336,1472,16,0,0,0,0
blackew01,237,22,1,443,236,484,3.8590909090909093,0.23545454545454547,236,46,237,10,0,0,6,0
bucknbi01,2517,1208,174,9397,0,0,0,0,2199,15126,2517,22,0,0,1,0
candejo01,603,48,1,596,600,935,3.791739130434783,0.261695652173913,600,58,603,19,0,0,1,0
caseyse01,1405,735,130,5066,0,0,0,0,1313,10875,1405,12,0,0,3,0
connoto99,0,0,0,0,0,0,0,0,0,0,0,0,0,0,0,1
dyered01,129,13,2,157,69,135,7.478333333333334,0.34166666666666673,78,31,129,6,446,0,0,0
floydcl01,1621,865,233,5319,0,0,0,0,1368,2881,1621,17,0,0,1,0
garvene01,458,72,7,827,402,1027,3.768,0.25733333333333336,403,203,458,14,0,0,1,0
grichbo01,2008,864,224,6890,0,0,0,0,2044,4882,2008,17,0,4,6,0
hermabi01,1922,839,47,7707,0,0,0,0,1911,5084,1922,15,189,0,11,1
hunteca01,515,51,6,658,500,1248,3.4760000000000004,0.23333333333333334,501,225,515,15,0,1,8,1
isrinja01,724,16,2,104,724,408,3.655882352941177,0.23370588235294112,724,62,724,16,0,0,2,0
kneppbo01,449,59,6,840,445,1106,3.8200000000000007,0.2679375,445,103,449,15,0,0,2,0
raderdo02,1465,722,155,5186,0,0,0,0,1405,1526,1465,11,388,5,0,0
stottto01,373,11,1,242,372,1042,4.527333333333334,0.2676,372,166,373,14,0,0,0,0
bauerha01,1544,703,164,5145,0,0,0,0,1450,2384,1544,14,594,0,3,0
brownra99,0,0,0,0,0,0,0,0,0,0,0,0,0,0,0,1
camniho01,326,32,1,677,326,637,2.9891666666666663,3.501666666666667,326,63,326,11,0,0,0,0
haddiha01,531,64,4,798,453,901,3.6526666666666667,0.246,454,115,531,14,0,3,3,0
muellbi02,1216,493,85,4223,0,0,0,0,1182,817,1216,11,0,0,0,0
schmija01,324,21,7,597,323,878,4.4825,0.25406249999999997,323,91,324,14,0,0,3,0
sievero01,1887,1147,318,6387,0,0,0,0,1756,9064,1887,17,0,0,5,0
fernaal01,266,14,3,126,263,731,3.7919999999999994,0.25739999999999996,263,125,266,10,0,0,0,0
jackstr01,1656,929,135,6086,0,0,0,0,1635,3174,1657,15,0,0,1,1
lowenjo01,1368,441,116,3476,0,0,0,0,1081,1803,1368,16,0,0,0,0
mcauldi01,1763,697,197,6185,0,0,0,0,1783,3267,1763,16,0,0,3,0
meusebo01,1407,1068,156,5475,0,0,0,0,1380,2496,1407,11,0,0,0,0
richabo01,1412,390,34,5386,0,0,0,0,1398,3159,1412,12,0,5,8,0
schmimi01,2404,1595,548,8352,0,0,0,0,2399,2836,2404,18,0,13,12,1
bailebo01,1931,773,189,6082,0,0,0,0,1738,2258,1931,17,0,0,0,0
bartedi01,2016,710,79,7629,0,0,0,0,1989,4425,2016,18,0,0,2,0
cardejo02,2017,775,138,6964,0,0,0,0,1846,3964,2017,18,0,0,0,0
coxbi02,1058,351,66,3712,0,0,0,0,1052,1297,1058,11,0,0,0,0
crandde01,1573,657,179,5026,0,0,0,0,1502,7449,1573,16,364,4,13,0
lucasre01,907,190,3,1439,396,1051,3.555333333333333,0.27799999999999997,414,125,908,16,0,0,0,0
newcodo01,452,108,15,878,344,852,4.0183333333333335,0.26333333333333336,344,159,452,10,0,2,4,0
reuscri01,579,79,4,1115,557,1330,3.4942857142857147,0.26919047619047615,557,328,579,19,0,2,3,0
sandesc02,236,8,0,129,235,368,6.19,0.2814444444444445,235,49,236,7,0,0,0,0
smallro01,872,305,61,2644,0,0,0,0,831,1464,872,11,0,0,0,0
casanpa01,859,252,50,2786,0,0,0,0,811,4040,859,10,0,0,1,0
eckerde01,1073,12,3,181,1071,1278,3.4703999999999997,0.24252000000000007,1071,208,1073,24,0,2,6,1
hickmji02,1421,560,159,3974,1,1,4.5,0.28,1258,3947,1421,13,0,0,1,0
johnsde01,1765,923,245,5941,0,0,0,0,1461,7038,1765,16,0,0,0,0
stanked01,1259,364,29,4301,0,0,0,0,1209,3118,1259,11,467,0,3,0
vanhage01,1990,1015,69,8043,93,310,4.866666666666667,0,2015,3761,1990,17,1,0,0,0
wardjo01,1827,869,26,7656,293,576,2.312857142857143,0,1872,3325,1827,17,412,0,0,1
welchmi01,607,202,12,2201,565,1447,3.7330769230769225,0,624,265,607,13,0,0,0,1
whitede01,1560,988,24,6624,2,8,4.5,0,1622,4651,1560,20,9,0,0,1
whitewi01,403,111,1,1478,403,896,2.8549999999999995,0,408,118,403,10,44,0,0,0
willine01,1201,667,64,4553,12,13,6.285714285714286,0,1225,1589,1201,13,0,0,0,0
wrighge01,591,326,11,2873,3,3,3.375,0,595,901,591,12,59,0,0,1
wrighha01,180,113,4,813,36,41,3.6625,0,216,234,180,7,1225,0,0,1
zimmech01,1280,625,26,4546,0,0,0,0,1273,5121,1280,19,49,0,0,0
willibe02,2076,1257,287,7869,0,0,0,0,1924,4710,2076,16,0,4,5,0
turneji01,238,22,1,399,231,405,3.8840000000000003,0.253,231,55,238,9,0,0,1,0
youngcy01,918,290,18,2960,906,2147,2.7130434782608694,0.275,911,251,916,22,3,0,0,1
wilheho01,1070,21,1,432,1070,632,3.2530769230769234,0.2145384615384616,1070,114,1070,21,0,0,7,1
westsa01,1753,838,75,6148,0,0,0,0,1602,4528,1753,16,0,0,4,0
wallati01,2212,1125,260,8099,2,1,4.5,0.4165,2192,2543,2212,17,0,3,5,0
traynpi01,1941,1273,58,7559,0,0,0,0,1914,2390,1941,17,457,0,2,1
troutdi01,535,110,20,961,521,979,8.400000000000004,0.290625,521,193,535,15,0,0,2,0
wallabo01,2383,1121,34,8618,57,173,3.1550000000000002,0,2368,4918,2381,25,62,0,0,1
walketo04,1288,545,107,4554,0,0,0,0,1152,2239,1288,12,0,0,0,0
walkela01,1988,1311,383,6907,0,0,0,0,1887,3976,1988,17,0,8,5,0
weisswa01,1495,386,25,4686,0,0,0,0,1462,2056,1495,14,281,0,1,0
woodke02,449,32,7,346,446,563,3.9986666666666655,0.22306666666666666,446,73,449,14,0,0,2,0
youngpe01,730,347,32,2466,0,0,0,0,670,1503,731,10,0,0,0,0
trillma01,1780,571,61,5950,0,0,0,0,1729,3977,1780,17,0,3,4,0
unserde01,1799,481,87,5215,0,0,0,0,1575,3643,1799,15,0,0,0,0
whitebu01,924,245,17,3316,0,0,0,0,887,2018,924,9,0,0,2,0
worreto01,617,0,0,27,617,238,3.308181818181818,0.2368181818181818,621,30,617,11,0,0,3,0
zeileto01,2158,1110,253,7573,2,5,22.5,0.45199999999999996,2099,5257,2158,16,0,0,0,0
veachbo01,1821,1166,64,6656,1,1,4.5,0.28,1741,3754,1823,14,0,0,0,0
williwo02,443,43,4,540,424,1031,4.063125,0.2541875,424,159,443,15,0,0,1,0
vizquom01,2968,951,80,10586,0,0,0,0,2940,4268,2968,24,0,11,3,0
willijo99,0,0,0,0,0,0,0,0,0,0,0,0,0,0,0,1
woodjo02,696,325,23,1952,225,324,3.866363636363637,0.2275,667,911,702,14,0,0,0,0
wittmi01,341,0,0,0,341,898,4.30076923076923,0.2611538461538462,341,147,341,12,0,0,2,0
tolanbo01,1282,497,86,4238,0,0,0,0,1135,2915,1282,13,0,0,0,0
vanceda01,442,75,7,971,442,1068,4.659444444444444,0.2861111111111112,442,126,442,16,0,1,0,1
walberu01,547,84,4,905,544,1223,4.614375,0.2725,544,113,547,15,0,0,0,0
whitede03,1941,846,208,7344,0,0,0,0,1867,4739,1941,17,0,7,3,0
wellswi99,0,0,0,0,0,0,0,0,0,0,0,0,0,0,0,1
tobinji01,396,102,17,796,287,726,3.495,0.26,288,103,396,9,0,0,1,0
varitja01,1546,757,193,5099,0,0,0,0,1488,10166,1546,15,0,1,3,0
vuckope01,286,13,0,208,286,592,4.643636363636364,0.2768181818181818,286,87,286,11,0,1,0,0
turnete01,1659,528,8,5921,0,0,0,0,1631,2589,1659,17,0,0,0,0
winnra01,1717,662,110,6186,0,0,0,0,1606,3687,1717,13,0,0,1,0
truckvi01,517,70,2,949,517,1009,3.6100000000000003,0.248421052631579,517,156,517,17,0,0,2,0
whitero02,1474,768,198,5357,0,0,0,0,1246,2567,1474,15,0,0,1,0
wrighgl01,1119,723,94,4153,0,0,0,0,1074,2240,1119,11,0,0,0,0
torrejo01,2209,1185,252,7874,0,0,0,0,2207,11618,2209,18,2322,2,9,1
whitalo01,2390,1084,244,8570,0,0,0,0,2308,4771,2390,19,0,3,5,0
wanerll01,1993,598,27,7772,0,0,0,0,1821,4864,1993,18,0,0,1,1
wilsowi02,2154,585,41,7731,0,0,0,0,2031,5060,2154,19,0,1,2,0
wiseri01,511,66,15,668,506,1281,4.053333333333333,0.2708333333333333,506,206,511,18,0,0,2,0
wittbo01,438,5,1,64,430,1324,5.028947368421052,0.27210526315789474,430,148,438,16,0,0,0,0
wagnebi02,854,1,0,20,853,232,2.1929411764705877,0.16658823529411765,853,33,854,16,0,0,6,0
willsma01,1942,458,20,7588,0,0,0,0,1918,2786,1942,14,26,3,7,0
whiteha01,337,7,0,255,336,387,5.076153846153845,0.25923076923076926,336,68,337,12,0,0,0,0
torboje01,574,101,8,1391,0,0,0,0,559,2998,574,10,634,0,0,0
willike01,1397,913,196,4862,0,0,0,0,1301,2956,1398,14,0,0,0,0
willivi01,531,84,1,1493,513,1167,2.6815384615384614,0,525,389,531,13,0,0,0,1
wynnji01,1920,964,291,6653,0,0,0,0,1833,3937,1920,15,0,0,3,0
tovarce01,1488,435,46,5569,1,0,0,0,1467,2686,1488,12,0,0,0,0
willicy01,2002,1005,251,6780,0,0,0,0,1818,4180,2003,19,0,0,0,0
willidi02,1023,331,70,2959,0,0,0,0,921,2188,1023,13,1571,0,0,1
wilsoha01,1348,1063,244,4760,0,0,0,0,1262,2821,1348,12,0,0,0,1
torricr99,0,0,0,0,0,0,0,0,0,0,0,0,0,0,0,1
tudorjo01,289,18,0,384,281,623,3.380769230769231,0.2621538461538462,281,85,289,12,0,0,0,0
yerkest02,711,254,6,2521,0,0,0,0,696,1353,713,7,0,0,0,0
yorkru01,1603,1152,277,5891,0,0,0,0,1557,12308,1603,13,0,0,7,0
zachato01,546,112,6,1122,533,1295,6.184166666666666,0.3220833333333334,533,83,546,19,0,0,0,0
wellsda01,660,5,0,178,660,1578,4.145416666666667,0.2744583333333333,660,149,660,21,0,0,3,0
willite01,2292,1839,521,7706,1,1,4.5,0.33,2152,4158,2292,19,273,2,19,1
washicl01,1912,824,164,6787,0,0,0,0,1685,3198,1912,17,0,0,2,0
wertzvi01,1862,1178,266,6099,0,0,0,0,1604,6807,1862,17,0,0,4,0
venturo01,2079,1182,294,7064,1,0,0,0.25,2052,2215,2079,16,375,6,2,0
willibi01,2488,1475,426,9350,0,0,0,0,2184,4367,2488,18,0,0,6,1
virdobi01,1583,502,91,5980,0,0,0,0,1542,3777,1583,12,995,1,0,0
wettejo01,618,8,1,42,618,249,2.775833333333333,0.2155,618,27,618,12,0,0,3,0
welchbo01,520,30,2,582,506,1191,3.5964705882352943,0.2509411764705882,507,243,520,17,0,1,2,0
werbebi01,1295,539,78,5024,0,0,0,0,1290,1548,1296,11,0,0,0,0
whitefr01,2324,886,160,7859,0,0,0,0,2324,4944,2324,18,0,8,5,0
youngro01,1211,592,42,4627,0,0,0,0,1211,2171,1211,10,0,0,0,1
yawketo99,0,0,0,0,0,0,0,0,0,0,0,0,0,0,0,1
torremi01,499,15,0,412,494,1340,4.942380952380952,0.28361904761904766,494,223,499,18,0,0,0,0
walkedi02,1905,1023,105,6740,0,0,0,0,1739,3479,1906,18,0,0,5,0
vanslan01,1658,792,164,5711,0,0,0,0,1643,3923,1658,13,0,5,3,0
wilsoji01,1525,621,32,4778,0,0,0,0,1367,4972,1525,18,493,0,2,0
wadderu01,410,83,4,1066,407,711,2.9014285714285712,0,408,176,410,13,0,0,0,1
woodwi01,651,13,0,322,651,965,4.180000000000001,0.2606111111111111,651,84,651,17,0,0,3,0
whiteea01,548,98,4,1291,541,1726,4.3876470588235295,0.2735294117647059,542,166,548,17,0,0,0,0
weaveea99,0,0,0,0,0,0,0,0,0,0,0,0,1480,0,0,1
zahnge01,304,1,0,43,304,769,4.449285714285714,0.27235714285714285,304,87,304,13,0,0,0,0
vaughgr01,1731,1072,355,6103,0,0,0,0,1266,2518,1731,15,0,0,4,0
walkeha01,807,214,10,2651,0,0,0,0,715,1712,807,11,630,0,2,0
whitero01,1881,758,160,6650,0,0,0,0,1652,3443,1881,15,0,0,2,0
valenel01,894,474,123,3166,0,0,0,0,856,1570,894,10,0,1,1,0
zambrca01,384,71,24,693,354,797,4.643333333333333,0.24733333333333332,354,168,384,12,0,0,3,0
wyattwh01,366,69,7,607,360,741,4.540588235294117,0.26882352941176474,360,74,366,16,0,0,4,0
warnelo01,459,97,4,962,445,984,5.1381250000000005,0.25812500000000005,445,126,459,15,0,0,5,0
wittwh01,1139,302,18,4171,0,0,0,0,1058,2256,1139,10,0,0,0,0
yastrca01,3308,1844,452,11988,0,0,0,0,2874,10437,3308,23,0,8,18,1
yountro01,2856,1406,251,11008,0,0,0,0,2709,5855,2856,20,0,3,3,1
wagneho01,2794,1733,101,10439,2,0,0,0,2777,7940,2798,21,1,0,0,1
wambsbi01,1491,520,7,5237,0,0,0,0,1437,3420,1494,13,0,0,0,0
vandejo01,382,26,1,685,346,805,4.705384615384616,0.24846153846153848,346,82,384,13,0,0,4,0
womacto01,1303,368,36,4963,0,0,0,0,1250,2044,1303,13,0,0,1,0
vernomi01,2409,1311,172,8731,0,0,0,0,2241,19819,2409,20,135,0,7,0
vaughmo01,1512,1064,328,5532,0,0,0,0,1305,10947,1512,12,0,1,3,0
vealebo01,399,18,0,630,397,658,3.444285714285715,0.2369285714285714,397,37,399,13,0,0,2,0
waltebu01,715,234,23,1966,428,1139,3.51235294117647,0.2605882352941177,634,364,716,19,81,1,6,0
wanerpa01,2549,1309,113,9459,0,0,0,0,2361,5513,2550,20,0,1,4,1
watsobo01,1832,989,184,6185,0,0,0,0,1668,9848,1832,19,0,0,2,0
ziskri01,1453,792,207,5144,0,0,0,0,905,1680,1453,13,0,0,2,0
wakefti01,630,4,1,111,627,1582,4.401052631578947,0.2543157894736843,627,227,630,19,0,0,1,0
wilkijl99,0,0,0,0,0,0,0,0,0,0,0,0,0,0,0,1
willimi02,619,4,1,16,619,280,4.799090909090908,0.24336363636363634,619,14,619,11,0,0,1,0
wilsoju99,0,0,0,0,0,0,0,0,0,0,0,0,0,0,0,1
zachrpa01,293,6,0,318,293,461,3.6563636363636363,0.2645454545454546,293,60,293,10,0,0,1,0
trammal01,2293,1003,185,8288,0,0,0,0,2202,3448,2293,20,191,4,6,1
vaughar01,1817,926,96,6622,0,0,0,0,1743,3308,1817,14,0,0,9,1
yeagest01,1269,410,102,3584,0,0,0,0,1230,6110,1269,15,0,0,0,0
violafr01,421,6,0,185,421,1175,4.1925,0.2715625,421,84,421,15,0,1,3,0
weissge99,0,0,0,0,0,0,0,0,0,0,0,0,0,0,0,1
winfida01,2973,1833,465,11003,0,0,0,0,2479,5012,2973,22,0,7,12,1
valenfe01,474,84,10,936,453,1154,4.053333333333335,0.2579444444444444,455,202,474,17,0,2,6,0
westrwe01,919,315,96,2322,0,0,0,0,903,3639,920,11,260,0,2,0
whiteso99,0,0,0,0,0,0,0,0,0,0,0,0,0,0,0,1
younger01,1730,543,79,6119,0,0,0,0,1557,3025,1730,15,0,0,1,0
uhlege01,722,187,9,1360,513,1384,6.01578947368421,0.3021052631578947,513,175,723,17,0,0,0,0
wathajo01,860,261,21,2505,0,0,0,0,832,3388,860,10,326,0,0,0
torgeea01,1668,740,149,4969,0,0,0,0,1422,11684,1668,15,0,0,0,0
veeckbi99,0,0,0,0,0,0,0,0,0,0,0,0,0,0,0,1
toneyfr01,336,47,3,744,336,659,3.11,0.24769230769230774,336,57,336,12,0,0,0,0
wynnea01,796,173,17,1704,691,1796,3.570869565217391,0.24782608695652167,691,193,796,23,0,1,9,1
wheatza01,2410,1248,132,9106,0,0,0,0,2337,4996,2410,19,0,0,0,1
valoel01,1806,601,58,5029,0,0,0,0,1329,2769,1806,20,0,0,0,0
willima04,1866,1218,378,7000,0,0,0,0,1877,1525,1866,17,179,4,5,0
walshed01,459,68,3,1088,430,598,2.1178571428571433,0.24285714285714285,436,237,462,14,1,0,0,1
